codice_comune,comune_key,comune_fonte,anno,pop_totale,pop_15_29,m0602_corrente_impegni,m0602_capitale_impegni,spesa_corrente_totale_impegni,eur_m0602_per_abitante,eur_m0602_per_giovane_15_29,pct_spesa_corrente_m0602,m0602_zero,dato_bilancio_mancante
012001,agra,COMUNE DI AGRA,2024,385,41,0.0,0.0,366766.08,0.0,0.0,0.0,True,False
012002,albizzate,COMUNE DI ALBIZZATE,2024,5132,724,0.0,0.0,3448547.64,0.0,0.0,0.0,True,False
012003,angera,COMUNE DI ANGERA,2024,5361,748,5500.0,29502.0,4246460.5200000005,1.0259279985077412,7.352941176470588,0.1295196310926729,False,False
012004,arcisate,COMUNE DI ARCISATE,2024,9853,1479,0.0,0.0,6350971.46,0.0,0.0,0.0,True,False
012005,arsago seprio,COMUNE DI ARSAGO SEPRIO,2024,4723,671,0.0,0.0,3182909.62,0.0,0.0,0.0,True,False
012006,azzate,COMUNE DI AZZATE,2024,4616,686,2318.0,0.0,5683236.6,0.5021663778162911,3.379008746355685,0.04078661796343302,False,False
012007,azzio,COMUNE DI AZZIO,2024,771,113,0.0,0.0,594746.38,0.0,0.0,0.0,True,False
012008,barasso,COMUNE DI BARASSO,2024,1667,241,0.0,0.0,1059538.25,0.0,0.0,0.0,True,False
012010,bedero valcuvia,COMUNE DI BEDERO VALCUVIA,2024,655,87,676.52,0.0,417236.94,1.032854961832061,7.776091954022989,0.16214288217145872,False,False
012011,besano,COMUNE DI BESANO,2024,2511,402,2000.0,0.0,1852106.05,0.7964954201513341,4.975124378109452,0.10798517719868148,False,False
012012,besnate,COMUNE DI BESNATE,2024,5467,835,0.0,0.0,3549965.62,0.0,0.0,0.0,True,False
012013,besozzo,COMUNE DI BESOZZO,2024,8758,1307,14133.53,0.0,6225476.31,1.6137851107558805,10.81371843917368,0.22702728749119605,False,False
012014,biandronno,COMUNE DI BIANDRONNO,2024,3175,443,0.0,0.0,1843926.59,0.0,0.0,0.0,True,False
012015,bisuschio,COMUNE DI BISUSCHIO,2024,4281,612,0.0,0.0,3103029.3,0.0,0.0,0.0,True,False
012016,bodio lomnago,COMUNE DI BODIO LOMNAGO,2024,2260,311,2326.38,0.0,1737752.03,1.0293716814159293,7.48032154340836,0.13387295539513772,False,False
012017,brebbia,COMUNE DI BREBBIA,2024,3117,445,0.0,0.0,2217723.98,0.0,0.0,0.0,True,False
012019,brenta,COMUNE DI BRENTA,2024,1730,259,0.0,0.0,1114695.43,0.0,0.0,0.0,True,False
012020,brezzo di bedero,COMUNE DI BREZZO DI BEDERO,2024,1209,170,0.0,0.0,1292957.31,0.0,0.0,0.0,True,False
012021,brinzio,COMUNE DI BRINZIO,2024,772,124,0.0,0.0,514594.53,0.0,0.0,0.0,True,False
012022,brissago valtravaglia,COMUNE DI BRISSAGO-VALTRAVAGLIA,2024,1308,190,0.0,0.0,837653.67,0.0,0.0,0.0,True,False
012023,brunello,COMUNE DI BRUNELLO,2024,922,164,1800.0,0.0,816465.27,1.9522776572668112,10.975609756097562,0.2204625311251757,False,False
012024,brusimpiano,COMUNE DI BRUSIMPIANO,2024,1180,179,0.0,0.0,1104220.94,0.0,0.0,0.0,True,False
012025,buguggiate,COMUNE DI BUGUGGIATE,2024,3118,452,11590.0,0.0,3095710.49,3.7171263630532394,25.641592920353983,0.37438901465233587,False,False
012026,busto arsizio,COMUNE DI BUSTO ARSIZIO,2024,83372,12161,98172.2,0.0,82034780.84,1.1775200307057525,8.072707836526602,0.11967143569442125,False,False
012027,cadegliano viconago,COMUNE DI CADEGLIANO-VICONAGO,2024,2177,312,0.0,0.0,1527423.13,0.0,0.0,0.0,True,False
012029,cairate,COMUNE DI CAIRATE,2024,7806,1155,16500.0,0.0,6244892.35,2.113758647194466,14.285714285714286,0.26421592359394314,False,False
012030,cantello,COMUNE DI CANTELLO,2024,4783,724,0.0,0.0,3104139.41,0.0,0.0,0.0,True,False
012031,caravate,COMUNE DI CARAVATE,2024,2547,394,0.0,0.0,1581693.51,0.0,0.0,0.0,True,False
012032,cardano al campo,COMUNE DI CARDANO AL CAMPO,2024,14739,2216,0.0,0.0,10187328.51,0.0,0.0,0.0,True,False
012033,carnago,COMUNE DI CARNAGO,2024,6612,968,0.0,0.0,4181561.36,0.0,0.0,0.0,True,False
012034,caronno pertusella,COMUNE DI CARONNO PERTUSELLA,2024,18247,2576,16730.7,0.0,13583114.01,0.9169014084507042,6.494836956521739,0.12317278635578499,False,False
012035,caronno varesino,COMUNE DI CARONNO VARESINO,2024,4835,720,0.0,0.0,2810718.17,0.0,0.0,0.0,True,False
012036,casale litta,COMUNE DI CASALE LITTA,2024,2758,409,0.0,0.0,1650134.81,0.0,0.0,0.0,True,False
012037,casalzuigno,COMUNE DI CASALZUIGNO,2024,1365,197,0.0,0.0,1025432.13,0.0,0.0,0.0,True,False
012038,casciago,COMUNE DI CASCIAGO,2024,3582,563,0.0,0.0,2383462.37,0.0,0.0,0.0,True,False
012039,casorate sempione,COMUNE DI CASORATE SEMPIONE,2024,5627,827,0.0,0.0,3265987.94,0.0,0.0,0.0,True,False
012040,cassano magnago,COMUNE DI CASSANO MAGNAGO,2024,21298,3094,0.0,0.0,16786238.73,0.0,0.0,0.0,True,False
012041,cassano valcuvia,COMUNE DI CASSANO VALCUVIA,2024,657,99,0.0,0.0,529805.21,0.0,0.0,0.0,True,False
012042,castellanza,COMUNE DI CASTELLANZA,2024,13899,1917,0.0,0.0,14017947.33,0.0,0.0,0.0,True,False
012043,castello cabiaglio,COMUNE DI CASTELLO CABIAGLIO,2024,573,73,0.0,0.0,483661.83,0.0,0.0,0.0,True,False
012044,castelseprio,COMUNE DI CASTELSEPRIO,2024,1331,184,0.0,0.0,947164.87,0.0,0.0,0.0,True,False
012045,castelveccana,COMUNE DI CASTELVECCANA,2024,1836,269,0.0,0.0,1672006.57,0.0,0.0,0.0,True,False
012046,castiglione olona,COMUNE DI CASTIGLIONE OLONA,2024,7463,1084,55584.27,0.0,4408518.37,7.447979364866675,51.27700184501845,1.2608378900777948,False,False
012047,castronno,COMUNE DI CASTRONNO,2024,5010,763,13949.69,0.0,2922180.33,2.784369261477046,18.282686762778507,0.47737266098153497,False,False
012048,cavaria con premezzo,COMUNE DI CAVARIA CON PREMEZZO,2024,5696,794,0.0,0.0,3642810.59,0.0,0.0,0.0,True,False
012049,cazzago brabbia,COMUNE DI CAZZAGO BRABBIA,2024,787,122,0.0,0.0,696390.47,0.0,0.0,0.0,True,False
012050,cislago,COMUNE DI CISLAGO,2024,10429,1498,0.0,0.0,6598482.33,0.0,0.0,0.0,True,False
012051,cittiglio,COMUNE DI CITTIGLIO,2024,3833,535,0.0,0.0,2627649.75,0.0,0.0,0.0,True,False
012052,clivio,COMUNE DI CLIVIO,2024,1985,308,500.0,0.0,1571732.72,0.2518891687657431,1.6233766233766234,0.03181202462973476,False,False
012053,cocquio trevisago,COMUNE DI COCQUIO-TREVISAGO,2024,4622,642,0.0,0.0,2893571.57,0.0,0.0,0.0,True,False
012054,comabbio,COMUNE DI COMABBIO,2024,1177,188,0.0,0.0,929965.44,0.0,0.0,0.0,True,False
012055,comerio,COMUNE DI COMERIO,2024,2804,395,0.0,0.0,1759273.48,0.0,0.0,0.0,True,False
012056,cremenaga,COMUNE DI CREMENAGA,2024,792,118,0.0,0.0,842603.16,0.0,0.0,0.0,True,False
012057,crosio della valle,COMUNE DI CROSIO DELLA VALLE,2024,637,103,0.0,0.0,552663.09,0.0,0.0,0.0,True,False
012058,cuasso al monte,COMUNE DI CUASSO AL MONTE,2024,3544,496,31190.26,0.0,2388601.88,8.80086343115124,62.88358870967742,1.3057956732412854,False,False
012059,cugliate fabiasco,COMUNE DI CUGLIATE-FABIASCO,2024,3100,496,0.0,0.0,1761130.65,0.0,0.0,0.0,True,False
012060,cunardo,COMUNE DI CUNARDO,2024,2885,497,0.0,0.0,1947489.54,0.0,0.0,0.0,True,False
012061,curiglia con monteviasco,COMUNE DI CURIGLIA CON MONTEVIASCO,2024,154,15,0.0,0.0,204554.69,0.0,0.0,0.0,True,False
012062,cuveglio,COMUNE DI CUVEGLIO,2024,3340,497,5534.54,0.0,2431865.31,1.6570479041916168,11.135895372233401,0.2275841502093716,False,False
012063,cuvio,COMUNE DI CUVIO,2024,1664,292,10119.93,43780.21,1379969.76,6.081688701923077,34.65729452054794,0.7333443306757679,False,False
012064,daverio,COMUNE DI DAVERIO,2024,3070,487,500.0,0.0,2595085.12,0.16286644951140064,1.0266940451745379,0.01926719074247553,False,False
012065,dumenza,COMUNE DI DUMENZA,2024,1433,182,0.0,0.0,1148279.81,0.0,0.0,0.0,True,False
012066,duno,COMUNE DI DUNO,2024,154,15,0.0,0.0,170487.36000000002,0.0,0.0,0.0,True,False
012067,fagnano olona,COMUNE DI FAGNANO OLONA,2024,12471,1848,15000.0,0.0,8544181.6,1.2027904738994468,8.116883116883116,0.1755580663219986,False,False
012068,ferno,COMUNE DI FERNO,2024,6654,998,0.0,0.0,6354517.890000001,0.0,0.0,0.0,True,False
012069,ferrera di varese,COMUNE DI FERRERA DI VARESE,2024,681,115,0.0,0.0,515542.75,0.0,0.0,0.0,True,False
012070,gallarate,COMUNE DI GALLARATE,2024,52963,7901,0.0,0.0,50146619.41,0.0,0.0,0.0,True,False
012071,galliate lombardo,COMUNE DI GALLIATE LOMBARDO,2024,1022,146,0.0,0.0,718932.2000000001,0.0,0.0,0.0,True,False
012072,gavirate,COMUNE DI GAVIRATE,2024,9140,1301,0.0,0.0,6801640.41,0.0,0.0,0.0,True,False
012073,gazzada schianno,COMUNE DI GAZZADA SCHIANNO,2024,4615,646,0.0,0.0,2854708.08,0.0,0.0,0.0,True,False
012074,gemonio,COMUNE DI GEMONIO,2024,2838,450,0.0,0.0,2256086.79,0.0,0.0,0.0,True,False
012075,gerenzano,COMUNE DI GERENZANO,2024,10872,1668,0.0,0.0,6212498.82,0.0,0.0,0.0,True,False
012076,germignaga,COMUNE DI GERMIGNAGA,2024,3721,545,0.0,0.0,3396671.54,0.0,0.0,0.0,True,False
012077,golasecca,COMUNE DI GOLASECCA,2024,2620,350,0.0,0.0,2201220.17,0.0,0.0,0.0,True,False
012078,gorla maggiore,COMUNE DI GORLA MAGGIORE,2024,4820,722,11709.0,0.0,3750639.79,2.429253112033195,16.217451523545705,0.31218673761257143,False,False
012079,gorla minore,COMUNE DI GORLA MINORE,2024,8132,1215,0.0,0.0,5667288.42,0.0,0.0,0.0,True,False
012080,gornate olona,COMUNE DI GORNATE-OLONA,2024,2179,352,0.0,0.0,1612773.38,0.0,0.0,0.0,True,False
012081,grantola,COMUNE DI GRANTOLA,2024,1226,183,0.0,0.0,1082691.59,0.0,0.0,0.0,True,False
012082,inarzo,COMUNE DI INARZO,2024,1064,155,0.0,0.0,711225.83,0.0,0.0,0.0,True,False
012083,induno olona,COMUNE DI INDUNO OLONA,2024,10360,1588,0.0,0.0,6968600.24,0.0,0.0,0.0,True,False
012084,ispra,COMUNE DI ISPRA,2024,5269,672,0.0,0.0,3734199.74,0.0,0.0,0.0,True,False
012085,jerago con orago,COMUNE DI JERAGO CON ORAGO,2024,5164,785,5467.35,0.0,3323900.22,1.0587432223082882,6.964777070063695,0.16448598448000346,False,False
012086,lavena ponte tresa,COMUNE DI LAVENA PONTE TRESA,2024,5686,873,0.0,0.0,4485769.19,0.0,0.0,0.0,True,False
012087,laveno mombello,COMUNE DI LAVENO-MOMBELLO,2024,8372,1160,5997.18,0.0,8458368.28,0.7163377926421405,5.16998275862069,0.07090232774778163,False,False
012088,leggiuno,COMUNE DI LEGGIUNO,2024,3562,479,17500.0,0.0,2306602.7,4.912970241437395,36.53444676409186,0.7586915596691185,False,False
012089,lonate ceppino,COMUNE DI LONATE CEPPINO,2024,5081,775,0.0,0.0,3341404.61,0.0,0.0,0.0,True,False
012090,lonate pozzolo,COMUNE DI LONATE POZZOLO,2024,11330,1769,0.0,0.0,9134025.98,0.0,0.0,0.0,True,False
012091,lozza,COMUNE DI LOZZA,2024,1186,167,2280.2,0.0,1037320.07,1.9225969645868464,13.653892215568861,0.21981643524934402,False,False
012092,luino,COMUNE DI LUINO,2024,14176,2033,0.0,0.0,17312048.37,0.0,0.0,0.0,True,False
012093,luvinate,COMUNE DI LUVINATE,2024,1338,185,0.0,0.0,992584.0,0.0,0.0,0.0,True,False
012096,malnate,COMUNE DI MALNATE,2024,16537,2555,4259.74,0.0,9394314.08,0.2575884380480135,1.6672172211350293,0.04534381077452756,False,False
012097,marchirolo,COMUNE DI MARCHIROLO,2024,3568,537,0.0,0.0,2815974.51,0.0,0.0,0.0,True,False
012098,marnate,COMUNE DI MARNATE,2024,8114,1093,16000.0,0.0,5235042.86,1.971900419028839,14.638609332113449,0.30563264576596033,False,False
012099,marzio,COMUNE DI MARZIO,2024,305,35,0.0,0.0,311616.28,0.0,0.0,0.0,True,False
012100,masciago primo,COMUNE DI MASCIAGO PRIMO,2024,291,47,0.0,0.0,285623.61,0.0,0.0,0.0,True,False
012101,mercallo,COMUNE DI MERCALLO,2024,1806,254,0.0,0.0,1197704.77,0.0,0.0,0.0,True,False
012102,mesenzana,COMUNE DI MESENZANA,2024,1733,248,0.0,0.0,1297855.48,0.0,0.0,0.0,True,False
012103,montegrino valtravaglia,COMUNE DI MONTEGRINO VALTRAVAGLIA,2024,1514,233,1800.0,0.0,1286580.63,1.1889035667107002,7.725321888412017,0.13990572825583425,False,False
012104,monvalle,COMUNE DI MONVALLE,2024,1932,295,4146.9,0.0,1223769.29,2.1464285714285714,14.05728813559322,0.33886289138698683,False,False
012105,morazzone,COMUNE DI MORAZZONE,2024,4299,613,702.3,0.0,2771148.06,0.1633635729239358,1.1456769983686785,0.025343286782013374,False,False
012106,mornago,COMUNE DI MORNAGO,2024,4881,759,0.0,0.0,2962046.62,0.0,0.0,0.0,True,False
012107,oggiona con santo stefano,COMUNE DI OGGIONA CON SANTO STEFANO,2024,4338,636,0.0,0.0,2474503.73,0.0,0.0,0.0,True,False
012108,olgiate olona,COMUNE DI OLGIATE OLONA,2024,12751,1904,10294.48,0.0,8694980.67,0.8073468747549212,5.4067647058823525,0.11839566286235344,False,False
012109,origgio,COMUNE DI ORIGGIO,2024,7997,1082,1134.26,0.0,6172331.61,0.14183568838314367,1.0482994454713492,0.018376524005326408,False,False
012110,orino,COMUNE DI ORINO,2024,831,111,0.0,0.0,636051.51,0.0,0.0,0.0,True,False
012113,porto ceresio,COMUNE DI PORTO CERESIO,2024,2860,383,0.0,0.0,2670664.17,0.0,0.0,0.0,True,False
012114,porto valtravaglia,COMUNE DI PORTO VALTRAVAGLIA,2024,2274,329,0.0,0.0,1834427.5,0.0,0.0,0.0,True,False
012115,rancio valcuvia,COMUNE DI RANCIO VALCUVIA,2024,918,143,0.0,0.0,669397.5599999999,0.0,0.0,0.0,True,False
012116,ranco,COMUNE DI RANCO,2024,1234,182,0.0,0.0,1148847.87,0.0,0.0,0.0,True,False
012117,saltrio,COMUNE DI SALTRIO,2024,2994,416,0.0,0.0,1996393.96,0.0,0.0,0.0,True,False
012118,samarate,COMUNE DI SAMARATE,2024,16104,2387,0.0,0.0,10595989.6,0.0,0.0,0.0,True,False
012119,saronno,COMUNE DI SARONNO,2024,38556,5548,78962.6,0.0,39437529.3,2.047997717605561,14.232624369142034,0.2002219748588561,False,False
012120,sesto calende,COMUNE DI SESTO CALENDE,2024,10957,1539,0.0,0.0,11547871.25,0.0,0.0,0.0,True,False
012121,solbiate arno,COMUNE DI SOLBIATE ARNO,2024,4010,559,0.0,0.0,3177762.11,0.0,0.0,0.0,True,False
012122,solbiate olona,COMUNE DI SOLBIATE OLONA,2024,5407,819,0.0,0.0,4086634.81,0.0,0.0,0.0,True,False
012123,somma lombardo,COMUNE DI SOMMA LOMBARDO,2024,17794,2606,3446.23,0.0,17036304.06,0.19367371023940655,1.3224213353798926,0.020228742031503752,False,False
012124,sumirago,COMUNE DI SUMIRAGO,2024,6012,884,0.0,0.0,4280850.69,0.0,0.0,0.0,True,False
012125,taino,COMUNE DI TAINO,2024,3603,509,0.0,0.0,2509645.34,0.0,0.0,0.0,True,False
012126,ternate,COMUNE DI TERNATE,2024,2484,355,0.0,0.0,2242574.01,0.0,0.0,0.0,True,False
012127,tradate,COMUNE DI TRADATE,2024,18955,2845,0.0,0.0,15704948.16,0.0,0.0,0.0,True,False
012128,travedona monate,COMUNE DI TRAVEDONA-MONATE,2024,3891,549,0.0,0.0,2926239.16,0.0,0.0,0.0,True,False
012129,tronzano lago maggiore,COMUNE DI TRONZANO LAGO MAGGIORE,2024,233,24,0.0,0.0,416460.52,0.0,0.0,0.0,True,False
012130,uboldo,COMUNE DI UBOLDO,2024,10869,1633,0.0,0.0,7073301.64,0.0,0.0,0.0,True,False
012131,valganna,COMUNE DI VALGANNA,2024,1580,207,0.0,0.0,1161293.7,0.0,0.0,0.0,True,False
012132,varano borghi,COMUNE DI VARANO BORGHI,2024,2490,313,5000.0,0.0,1534929.36,2.0080321285140563,15.97444089456869,0.32574788979214,False,False
012133,varese,COMUNE DI VARESE,2024,78818,11831,108719.73,490.5,84974308.27,1.3793769189778984,9.189394810244274,0.12794423657389545,False,False
012134,vedano olona,COMUNE DI VEDANO OLONA,2024,7421,1140,72328.88,2768.38,5315944.97,9.746513946907426,63.44638596491229,1.3606024969818304,False,False
012136,venegono inferiore,COMUNE DI VENEGONO INFERIORE,2024,5958,883,0.0,0.0,4223960.43,0.0,0.0,0.0,True,False
012137,venegono superiore,COMUNE DI VENEGONO SUPERIORE,2024,7337,1013,0.0,0.0,4525947.65,0.0,0.0,0.0,True,False
012138,vergiate,COMUNE DI VERGIATE,2024,8587,1162,56342.0,4209.0,7725116.01,6.561313613601956,48.48709122203098,0.7293353255416031,False,False
012139,viggiu,COMUNE DI VIGGIU',2024,5173,726,0.0,0.0,3808815.7,0.0,0.0,0.0,True,False
012140,vizzola ticino,COMUNE DI VIZZOLA TICINO,2024,590,89,5000.0,0.0,888613.78,8.474576271186441,56.17977528089887,0.5626741462415764,False,False
012141,sangiano,COMUNE DI SANGIANO,2024,1435,202,4830.0,0.0,837763.83,3.3658536585365852,23.91089108910891,0.5765347974022703,False,False
012142,maccagno con pino e veddasca,COMUNE DI MACCAGNO CON PINO E VEDDASCA,2024,2353,276,0.0,0.0,3912222.57,0.0,0.0,0.0,True,False
012143,cadrezzate con osmate,COMUNE DI CADREZZATE CON OSMATE,2024,2666,345,0.0,0.0,1923362.06,0.0,0.0,0.0,True,False
012144,bardello con malgesso e bregano,COMUNE DI BARDELLO CON MALGESSO E BREGANO,2024,3661,561,7649.57,0.0,2269877.77,2.089475553127561,13.635597147950088,0.3370036087890318,False,False
013003,albavilla,COMUNE DI ALBAVILLA,2024,6396,923,21950.0,0.0,4279754.43,3.4318323952470293,23.781148429035753,0.512879894372818,False,False
013004,albese con cassano,COMUNE DI ALBESE CON CASSANO,2024,4250,610,0.0,0.0,2895606.5,0.0,0.0,0.0,True,False
013005,albiolo,COMUNE DI ALBIOLO,2024,2758,460,0.0,0.0,1683057.71,0.0,0.0,0.0,True,False
013006,alserio,COMUNE DI ALSERIO,2024,1369,195,0.0,0.0,1258785.24,0.0,0.0,0.0,True,False
013007,alzate brianza,COMUNE DI ALZATE BRIANZA,2024,4823,754,0.0,0.0,4137040.47,0.0,0.0,0.0,True,False
013009,anzano del parco,COMUNE DI ANZANO DEL PARCO,2024,1697,245,0.0,0.0,1700395.78,0.0,0.0,0.0,True,False
013010,appiano gentile,COMUNE DI APPIANO GENTILE,2024,7715,1132,0.0,0.0,5253469.52,0.0,0.0,0.0,True,False
013011,argegno,COMUNE DI ARGEGNO,2024,671,87,0.0,0.0,885576.22,0.0,0.0,0.0,True,False
013012,arosio,COMUNE DI AROSIO,2024,5136,712,0.0,0.0,4048512.87,0.0,0.0,0.0,True,False
013013,asso,COMUNE DI ASSO,2024,3504,520,0.0,0.0,2010993.5,0.0,0.0,0.0,True,False
013015,barni,COMUNE DI BARNI,2024,588,75,0.0,579.74,547079.84,0.0,0.0,0.0,True,False
013021,bene lario,COMUNE DI BENE LARIO,2024,341,61,0.0,0.0,359336.63,0.0,0.0,0.0,True,False
013022,beregazzo con figliaro,COMUNE DI BEREGAZZO CON FIGLIARO,2024,2824,394,3562.06,0.0,1698311.91,1.2613526912181303,9.040761421319797,0.20974121296717516,False,False
013023,binago,COMUNE DI BINAGO,2024,4842,816,5115.28,0.0,2817642.59,1.0564394878149523,6.268725490196078,0.18154467206573563,False,False
013024,bizzarone,COMUNE DI BIZZARONE,2024,1767,252,0.0,6100.0,1328961.58,0.0,0.0,0.0,True,False
013025,blessagno,COMUNE DI BLESSAGNO,2024,303,44,0.0,0.0,298215.95,0.0,0.0,0.0,True,False
013026,blevio,COMUNE DI BLEVIO,2024,1048,154,0.0,0.0,1138231.09,0.0,0.0,0.0,True,False
013028,bregnano,COMUNE DI BREGNANO,2024,6453,996,0.0,0.0,3819263.18,0.0,0.0,0.0,True,False
013029,brenna,COMUNE DI BRENNA,2024,2203,271,0.0,0.0,1672956.41,0.0,0.0,0.0,True,False
013030,brienno,COMUNE DI BRIENNO,2024,317,44,0.0,0.0,665805.51,0.0,0.0,0.0,True,False
013032,brunate,COMUNE DI BRUNATE,2024,1596,261,0.0,0.0,1852145.5,0.0,0.0,0.0,True,False
013034,bulgarograsso,COMUNE DI BULGAROGRASSO,2024,4000,630,0.0,0.0,2583036.15,0.0,0.0,0.0,True,False
013035,cabiate,COMUNE DI CABIATE,2024,7319,1107,24999.84,0.0,5085222.53,3.415745320398962,22.58341463414634,0.4916174238691576,False,False
013036,cadorago,COMUNE DI CADORAGO,2024,7952,1203,17746.09,0.0,5164119.3,2.2316511569416497,14.751529509559434,0.34364213855400283,False,False
013037,caglio,COMUNE DI CAGLIO,2024,488,54,0.0,0.0,636100.1799999999,0.0,0.0,0.0,True,False
013040,campione d italia,COMUNE DI CAMPIONE D'ITALIA,2024,1757,251,0.0,0.0,8205469.34,0.0,0.0,0.0,True,False
013041,cantu,COMUNE DI CANTU',2024,40002,5926,0.0,0.0,30247754.91,0.0,0.0,0.0,True,False
013042,canzo,COMUNE DI CANZO,2024,5129,768,0.0,0.0,3687149.84,0.0,0.0,0.0,True,False
013043,capiago intimiano,COMUNE DI CAPIAGO INTIMIANO,2024,5440,832,26690.86,0.0,3553425.55,4.9064080882352945,32.08036057692308,0.7511304127365213,False,False
013044,carate urio,COMUNE DI CARATE URIO,2024,1117,145,0.0,0.0,1709847.4300000002,0.0,0.0,0.0,True,False
013045,carbonate,COMUNE DI CARBONATE,2024,2950,428,0.0,0.0,1943600.39,0.0,0.0,0.0,True,False
013046,carimate,COMUNE DI CARIMATE,2024,4407,720,0.0,0.0,4129405.64,0.0,0.0,0.0,True,False
013047,carlazzo,COMUNE DI CARLAZZO,2024,3215,476,0.0,0.0,2182348.96,0.0,0.0,0.0,True,False
013048,carugo,COMUNE DI CARUGO,2024,6607,1047,0.0,0.0,4290407.34,0.0,0.0,0.0,True,False
013052,caslino d erba,COMUNE DI CASLINO D'ERBA,2024,1667,242,0.0,0.0,1182428.09,0.0,0.0,0.0,True,False
013053,casnate con bernate,COMUNE DI CASNATE CON BERNATE,2024,5042,743,5000.0,0.0,3441754.15,0.9916699722332408,6.7294751009421265,0.14527475764066414,False,False
013055,cassina rizzardi,COMUNE DI CASSINA RIZZARDI,2024,3296,482,0.0,0.0,2370464.27,0.0,0.0,0.0,True,False
013058,castelmarte,COMUNE DI CASTELMARTE,2024,1259,192,0.0,0.0,1081056.98,0.0,0.0,0.0,True,False
013059,castelnuovo bozzente,COMUNE DI CASTELNUOVO BOZZENTE,2024,915,131,0.0,0.0,723873.05,0.0,0.0,0.0,True,False
013062,cavargna,COMUNE DI CAVARGNA,2024,170,18,0.0,0.0,312019.4,0.0,0.0,0.0,True,False
013063,cerano d intelvi,COMUNE DI CERANO D'INTELVI,2024,592,99,732.0,0.0,638253.65,1.2364864864864864,7.393939393939394,0.11468794577202965,False,False
013064,cermenate,COMUNE DI CERMENATE,2024,9388,1397,0.0,0.0,6832336.05,0.0,0.0,0.0,True,False
013065,cernobbio,COMUNE DI CERNOBBIO,2024,6317,903,5250.0,0.0,7441217.850000001,0.8310907076143739,5.813953488372093,0.0705529673479456,False,False
013068,cirimido,COMUNE DI CIRIMIDO,2024,2161,332,0.0,0.0,1422803.61,0.0,0.0,0.0,True,False
013071,claino con osteno,COMUNE DI CLAINO CON OSTENO,2024,541,67,0.0,0.0,613979.55,0.0,0.0,0.0,True,False
013074,colonno,COMUNE DI COLONNO,2024,434,59,0.0,0.0,554892.4299999999,0.0,0.0,0.0,True,False
013075,como,COMUNE DI COMO,2024,83586,12669,68872.59,200.0,103951421.92,0.823972794487115,5.436308311626806,0.06625459154662036,False,False
013077,corrido,COMUNE DI CORRIDO,2024,847,148,1049.29,0.0,620291.96,1.2388311688311688,7.089797297297297,0.169160664278157,False,False
013083,cremia,COMUNE DI CREMIA,2024,697,82,0.0,0.0,843396.81,0.0,0.0,0.0,True,False
013084,cucciago,COMUNE DI CUCCIAGO,2024,3415,521,2000.0,0.0,3439857.97,0.5856515373352855,3.838771593090211,0.05814193543578196,False,False
013085,cusino,COMUNE DI CUSINO,2024,235,33,0.0,0.0,300687.35,0.0,0.0,0.0,True,False
013087,dizzasco,COMUNE DI DIZZASCO,2024,646,105,0.0,0.0,553530.06,0.0,0.0,0.0,True,False
013089,domaso,COMUNE DI DOMASO,2024,1409,182,0.0,0.0,1454677.17,0.0,0.0,0.0,True,False
013090,dongo,COMUNE DI DONGO,2024,3168,425,0.0,0.0,2375725.52,0.0,0.0,0.0,True,False
013092,dosso del liro,COMUNE DI DOSSO DEL LIRO,2024,237,22,0.0,0.0,229220.95,0.0,0.0,0.0,True,False
013095,erba,COMUNE DI ERBA,2024,16236,2394,62572.91,0.0,16458781.47,3.8539609509731463,26.137389306599836,0.3801794811727335,False,False
013097,eupilio,COMUNE DI EUPILIO,2024,2541,394,0.0,0.0,1775205.9,0.0,0.0,0.0,True,False
013098,faggeto lario,COMUNE DI FAGGETO LARIO,2024,1093,169,0.0,0.0,946593.13,0.0,0.0,0.0,True,False
013099,faloppio,COMUNE DI FALOPPIO,2024,4860,703,0.0,0.0,2702029.56,0.0,0.0,0.0,True,False
013100,fenegro,COMUNE DI FENEGRO',2024,3256,501,0.0,0.0,2200862.01,0.0,0.0,0.0,True,False
013101,figino serenza,COMUNE DI FIGINO SERENZA,2024,4931,766,0.0,0.0,3927597.98,0.0,0.0,0.0,True,False
013102,fino mornasco,COMUNE DI FINO MORNASCO,2024,10011,1514,0.0,0.0,7355818.09,0.0,0.0,0.0,True,False
013106,garzeno,COMUNE DI GARZENO,2024,659,67,0.0,0.0,736384.06,0.0,0.0,0.0,True,False
013107,gera lario,COMUNE DI GERA LARIO,2024,1059,139,0.0,0.0,1161429.36,0.0,0.0,0.0,True,False
013110,grandate,COMUNE DI GRANDATE,2024,2843,396,1500.0,0.0,2512658.99,0.5276116778051354,3.787878787878788,0.05969771488967549,False,False
013111,grandola ed uniti,COMUNE DI GRANDOLA ED UNITI,2024,1287,180,0.0,0.0,1041977.51,0.0,0.0,0.0,True,False
013113,griante,COMUNE DI GRIANTE,2024,578,97,0.0,0.0,1146931.44,0.0,0.0,0.0,True,False
013114,guanzate,COMUNE DI GUANZATE,2024,5747,884,0.0,0.0,3957538.6,0.0,0.0,0.0,True,False
013118,inverigo,COMUNE DI INVERIGO,2024,9247,1331,0.0,0.0,6584433.37,0.0,0.0,0.0,True,False
013119,laglio,COMUNE DI LAGLIO,2024,858,96,0.0,0.0,1312257.89,0.0,0.0,0.0,True,False
013120,laino,COMUNE DI LAINO,2024,550,72,0.0,0.0,548301.4,0.0,0.0,0.0,True,False
013121,lambrugo,COMUNE DI LAMBRUGO,2024,2532,340,0.0,0.0,2024848.92,0.0,0.0,0.0,True,False
013123,lasnigo,COMUNE DI LASNIGO,2024,457,59,0.0,0.0,409344.96,0.0,0.0,0.0,True,False
013126,lezzeno,COMUNE DI LEZZENO,2024,1923,254,0.0,0.0,1496726.48,0.0,0.0,0.0,True,False
013128,limido comasco,COMUNE DI LIMIDO COMASCO,2024,3879,570,0.0,0.0,2299107.07,0.0,0.0,0.0,True,False
013129,lipomo,COMUNE DI LIPOMO,2024,5908,886,2874.01,0.0,3897270.24,0.4864607312119161,3.2438036117381492,0.07374418049080425,False,False
013130,livo,COMUNE DI LIVO,2024,164,19,0.0,0.0,296390.49,0.0,0.0,0.0,True,False
013131,locate varesino,COMUNE DI LOCATE VARESINO,2024,4325,612,0.0,0.0,2775909.08,0.0,0.0,0.0,True,False
013133,lomazzo,COMUNE DI LOMAZZO,2024,9969,1420,787.0,0.0,7274572.45,0.07894472865884242,0.5542253521126761,0.01081850521675676,False,False
013134,longone al segrino,COMUNE DI LONGONE AL SEGRINO,2024,1952,304,0.0,0.0,1138355.3,0.0,0.0,0.0,True,False
013135,luisago,COMUNE DI LUISAGO,2024,2769,411,0.0,0.0,1996571.13,0.0,0.0,0.0,True,False
013136,lurago d erba,COMUNE DI LURAGO D'ERBA,2024,5496,749,0.0,0.0,4395952.23,0.0,0.0,0.0,True,False
013137,lurago marinone,COMUNE DI LURAGO MARINONE,2024,2578,365,0.0,0.0,1716185.5,0.0,0.0,0.0,True,False
013138,lurate caccivio,COMUNE DI LURATE CACCIVIO,2024,9695,1553,0.0,0.0,6245167.89,0.0,0.0,0.0,True,False
013139,magreglio,COMUNE DI MAGREGLIO,2024,687,93,0.0,0.0,1208577.58,0.0,0.0,0.0,True,False
013143,mariano comense,COMUNE DI MARIANO COMENSE,2024,25387,3821,0.0,0.0,16359640.89,0.0,0.0,0.0,True,False
013144,maslianico,COMUNE DI MASLIANICO,2024,3132,480,0.0,0.0,2410059.02,0.0,0.0,0.0,True,False
013145,menaggio,COMUNE DI MENAGGIO,2024,3027,432,0.0,0.0,3955806.02,0.0,0.0,0.0,True,False
013147,merone,COMUNE DI MERONE,2024,4057,690,0.0,0.0,3265486.61,0.0,0.0,0.0,True,False
013152,moltrasio,COMUNE DI MOLTRASIO,2024,1523,198,0.0,0.0,1719066.62,0.0,0.0,0.0,True,False
013153,monguzzo,COMUNE DI MONGUZZO,2024,2345,378,0.0,0.0,1535397.06,0.0,0.0,0.0,True,False
013154,montano lucino,COMUNE DI MONTANO LUCINO,2024,5410,774,0.0,0.0,4389453.94,0.0,0.0,0.0,True,False
013155,montemezzo,COMUNE DI MONTEMEZZO,2024,200,29,0.0,0.0,288661.15,0.0,0.0,0.0,True,False
013157,montorfano,COMUNE DI MONTORFANO,2024,2534,358,0.0,0.0,2134272.47,0.0,0.0,0.0,True,False
013159,mozzate,COMUNE DI MOZZATE,2024,8734,1354,14780.0,0.0,5420541.06,1.6922372337989466,10.915805022156572,0.2726665075755371,False,False
013160,musso,COMUNE DI MUSSO,2024,942,110,0.0,0.0,786384.59,0.0,0.0,0.0,True,False
013161,nesso,COMUNE DI NESSO,2024,1138,140,0.0,0.0,1008176.58,0.0,0.0,0.0,True,False
013163,novedrate,COMUNE DI NOVEDRATE,2024,2892,420,2000.0,0.0,2530712.89,0.6915629322268326,4.761904761904762,0.07902911499375972,False,False
013165,olgiate comasco,COMUNE DI OLGIATE COMASCO,2024,11985,1794,0.0,0.0,9509573.55,0.0,0.0,0.0,True,False
013169,oltrona di san mamette,COMUNE DI OLTRONA DI SAN MAMETTE,2024,2355,363,1500.0,0.0,1204353.84,0.6369426751592356,4.132231404958677,0.12454811453085912,False,False
013170,orsenigo,COMUNE DI ORSENIGO,2024,2637,412,0.0,0.0,1968376.76,0.0,0.0,0.0,True,False
013178,peglio,COMUNE DI PEGLIO,2024,199,29,137.7,0.0,306113.16,0.6919597989949748,4.748275862068965,0.04498336497522681,False,False
013183,pianello del lario,COMUNE DI PIANELLO DEL LARIO,2024,1083,130,1000.0,0.0,939856.8,0.9233610341643582,7.6923076923076925,0.10639918762092267,False,False
013184,pigra,COMUNE DI PIGRA,2024,240,29,97.15,0.0,436373.24,0.4047916666666667,3.35,0.022263051694003968,False,False
013185,plesio,COMUNE DI PLESIO,2024,822,115,1325.0,0.0,800099.22,1.6119221411192215,11.521739130434783,0.16560446090673606,False,False
013186,pognana lario,COMUNE DI POGNANA LARIO,2024,660,89,0.0,0.0,782498.9,0.0,0.0,0.0,True,False
013187,ponna,COMUNE DI PONNA,2024,238,21,0.0,0.0,322492.14,0.0,0.0,0.0,True,False
013188,ponte lambro,COMUNE DI PONTE LAMBRO,2024,4248,687,0.0,0.0,2695781.33,0.0,0.0,0.0,True,False
013189,porlezza,COMUNE DI PORLEZZA,2024,4888,751,0.0,0.0,3894407.28,0.0,0.0,0.0,True,False
013192,proserpio,COMUNE DI PROSERPIO,2024,961,136,0.0,0.0,683214.77,0.0,0.0,0.0,True,False
013193,pusiano,COMUNE DI PUSIANO,2024,1310,207,0.0,0.0,1172329.25,0.0,0.0,0.0,True,False
013195,rezzago,COMUNE DI REZZAGO,2024,306,34,0.0,0.0,329220.26,0.0,0.0,0.0,True,False
013197,rodero,COMUNE DI RODERO,2024,1291,189,19708.6,0.0,1013826.28,15.266150271107668,104.27830687830686,1.9439819610910063,False,False
013199,ronago,,2024,1653,250,,,,,,,False,True
013201,rovellasca,COMUNE DI ROVELLASCA,2024,7996,1137,0.0,0.0,4862126.86,0.0,0.0,0.0,True,False
013202,rovello porro,COMUNE DI ROVELLO PORRO,2024,6297,879,7130.23,0.0,3862253.28,1.1323217405113546,8.111751990898748,0.18461321625183524,False,False
013203,sala comacina,COMUNE DI SALA COMACINA,2024,465,56,0.0,0.0,579472.53,0.0,0.0,0.0,True,False
013204,san bartolomeo val cavargna,COMUNE DI SAN BARTOLOMEO VAL CAVARGNA,2024,956,140,0.0,0.0,809785.98,0.0,0.0,0.0,True,False
013206,san fermo della battaglia,COMUNE DI SAN FERMO DELLA BATTAGLIA,2024,7718,1171,0.0,0.0,5719310.87,0.0,0.0,0.0,True,False
013207,san nazzaro val cavargna,COMUNE DI SAN NAZZARO VAL CAVARGNA,2024,262,29,0.0,0.0,328168.25,0.0,0.0,0.0,True,False
013211,schignano,COMUNE DI SCHIGNANO,2024,881,131,0.0,0.0,753119.5700000001,0.0,0.0,0.0,True,False
013212,senna comasco,COMUNE DI SENNA COMASCO,2024,3165,551,0.0,0.0,2506394.36,0.0,0.0,0.0,True,False
013216,sorico,COMUNE DI SORICO,2024,1225,174,0.0,0.0,1117932.75,0.0,0.0,0.0,True,False
013217,sormano,COMUNE DI SORMANO,2024,648,67,0.0,0.0,709557.66,0.0,0.0,0.0,True,False
013218,stazzona,COMUNE DI STAZZONA,2024,600,85,0.0,0.0,548388.12,0.0,0.0,0.0,True,False
013222,tavernerio,COMUNE DI TAVERNERIO,2024,5629,852,0.0,0.0,4139733.94,0.0,0.0,0.0,True,False
013223,torno,COMUNE DI TORNO,2024,1063,155,0.0,0.0,1145082.28,0.0,0.0,0.0,True,False
013226,trezzone,COMUNE DI TREZZONE,2024,239,26,0.0,0.0,229159.78,0.0,0.0,0.0,True,False
013227,turate,COMUNE DI TURATE,2024,9809,1455,0.0,0.0,6075878.29,0.0,0.0,0.0,True,False
013228,uggiate trevano,,2024,5190,808,,,,,,,False,True
013229,valbrona,COMUNE DI VALBRONA,2024,2629,386,0.0,0.0,1640510.54,0.0,0.0,0.0,True,False
013232,valmorea,COMUNE DI VALMOREA,2024,2611,454,2037.5,0.0,1745364.58,0.7803523554193795,4.487885462555066,0.11673778781508216,False,False
013233,val rezzo,COMUNE DI VAL REZZO,2024,166,16,0.0,0.0,244983.45,0.0,0.0,0.0,True,False
013234,valsolda,COMUNE DI VALSOLDA,2024,1426,190,0.0,0.0,1497973.94,0.0,0.0,0.0,True,False
013236,veleso,COMUNE DI VELESO,2024,202,31,0.0,0.0,328000.82,0.0,0.0,0.0,True,False
013238,veniano,COMUNE DI VENIANO,2024,3140,438,0.0,0.0,2242939.17,0.0,0.0,0.0,True,False
013239,vercana,COMUNE DI VERCANA,2024,728,97,0.0,0.0,600437.82,0.0,0.0,0.0,True,False
013242,vertemate con minoprio,COMUNE DI VERTEMATE CON MINOPRIO,2024,4158,602,23125.79,0.0,3139028.86,5.561758056758057,38.414933554817274,0.7367179797129996,False,False
013245,villa guardia,COMUNE DI VILLA GUARDIA,2024,7839,1220,961.54,0.0,5407129.0,0.12266105370582982,0.7881475409836065,0.017782819681202353,False,False
013246,zelbio,COMUNE DI ZELBIO,2024,185,37,0.0,0.0,414116.27,0.0,0.0,0.0,True,False
013248,san siro,COMUNE DI SAN SIRO,2024,1681,229,0.0,0.0,1525819.41,0.0,0.0,0.0,True,False
013249,gravedona ed uniti,COMUNE DI GRAVEDONA ED UNITI,2024,4074,519,0.0,0.0,3319216.89,0.0,0.0,0.0,True,False
013250,bellagio,COMUNE DI BELLAGIO,2024,3591,467,0.0,0.0,6481883.93,0.0,0.0,0.0,True,False
013251,colverde,COMUNE DI COLVERDE,2024,5529,854,0.0,0.0,3468492.65,0.0,0.0,0.0,True,False
013252,tremezzina,COMUNE DI TREMEZZINA,2024,4981,686,0.0,0.0,7982636.28,0.0,0.0,0.0,True,False
013253,alta valle intelvi,COMUNE DI ALTA VALLE INTELVI,2024,3149,419,0.0,0.0,3354335.5300000003,0.0,0.0,0.0,True,False
013254,centro valle intelvi,COMUNE DI CENTRO VALLE INTELVI,2024,3747,578,0.0,0.0,4785551.05,0.0,0.0,0.0,True,False
013255,solbiate con cagno,COMUNE DI SOLBIATE CON CAGNO,2024,4677,712,10811.58,0.0,3435756.25,2.3116484926234766,15.184803370786517,0.314678318638,False,False
014001,albaredo per san marco,COMUNE DI ALBAREDO PER SAN MARCO,2024,297,31,0.0,0.0,527382.8,0.0,0.0,0.0,True,False
014002,albosaggia,COMUNE DI ALBOSAGGIA,2024,2998,374,0.0,0.0,2348802.95,0.0,0.0,0.0,True,False
014003,andalo valtellino,COMUNE DI ANDALO VALTELLINO,2024,590,77,0.0,0.0,553049.42,0.0,0.0,0.0,True,False
014004,aprica,COMUNE DI APRICA,2024,1468,209,0.0,0.0,3985424.4,0.0,0.0,0.0,True,False
014005,ardenno,COMUNE DI ARDENNO,2024,3217,459,0.0,0.0,2078416.9,0.0,0.0,0.0,True,False
014006,bema,COMUNE DI BEMA,2024,114,10,0.0,0.0,402635.59,0.0,0.0,0.0,True,False
014007,berbenno di valtellina,COMUNE DI BERBENNO DI VALTELLINA,2024,4047,622,39952.54,0.0,3230460.86,9.872137385717815,64.23237942122186,1.2367442829813453,False,False
014008,bianzone,COMUNE DI BIANZONE,2024,1262,170,0.0,0.0,1121684.06,0.0,0.0,0.0,True,False
014009,bormio,COMUNE DI BORMIO,2024,3939,582,0.0,0.0,7418125.49,0.0,0.0,0.0,True,False
014010,buglio in monte,COMUNE DI BUGLIO IN MONTE,2024,2017,332,0.0,0.0,1585724.3,0.0,0.0,0.0,True,False
014011,caiolo,COMUNE DI CAIOLO,2024,1049,168,0.0,0.0,1083954.63,0.0,0.0,0.0,True,False
014012,campodolcino,COMUNE DI CAMPODOLCINO,2024,947,130,0.0,0.0,1859266.5,0.0,0.0,0.0,True,False
014013,caspoggio,COMUNE DI CASPOGGIO,2024,1343,200,0.0,0.0,1503293.59,0.0,0.0,0.0,True,False
014014,castello dell acqua,COMUNE DI CASTELLO DELL'ACQUA,2024,606,77,0.0,0.0,648627.38,0.0,0.0,0.0,True,False
014015,castione andevenno,COMUNE DI CASTIONE ANDEVENNO,2024,1575,225,0.0,0.0,1751030.74,0.0,0.0,0.0,True,False
014016,cedrasco,COMUNE DI CEDRASCO,2024,421,70,0.0,0.0,474841.96,0.0,0.0,0.0,True,False
014017,cercino,COMUNE DI CERCINO,2024,798,135,0.0,0.0,620751.39,0.0,0.0,0.0,True,False
014018,chiavenna,COMUNE DI CHIAVENNA,2024,7249,1058,0.0,0.0,6611347.5200000005,0.0,0.0,0.0,True,False
014019,chiesa in valmalenco,COMUNE DI CHIESA IN VALMALENCO,2024,2281,309,0.0,0.0,3677452.46,0.0,0.0,0.0,True,False
014020,chiuro,COMUNE DI CHIURO,2024,2434,346,0.0,0.0,2021992.04,0.0,0.0,0.0,True,False
014021,cino,COMUNE DI CINO,2024,350,47,0.0,0.0,367395.38,0.0,0.0,0.0,True,False
014022,civo,COMUNE DI CIVO,2024,1108,163,0.0,0.0,1358489.57,0.0,0.0,0.0,True,False
014023,colorina,COMUNE DI COLORINA,2024,1296,212,0.0,0.0,953379.96,0.0,0.0,0.0,True,False
014024,cosio valtellino,COMUNE DI COSIO VALTELLINO,2024,5541,861,0.0,0.0,3448175.77,0.0,0.0,0.0,True,False
014025,dazio,COMUNE DI DAZIO,2024,514,61,2400.0,0.0,604182.12,4.669260700389105,39.34426229508197,0.39723121895762165,False,False
014026,delebio,COMUNE DI DELEBIO,2024,3315,534,0.0,0.0,2479662.66,0.0,0.0,0.0,True,False
014027,dubino,COMUNE DI DUBINO,2024,3793,584,0.0,0.0,2607639.95,0.0,0.0,0.0,True,False
014028,faedo valtellino,COMUNE DI FAEDO VALTELLINO,2024,504,70,0.0,0.0,567724.41,0.0,0.0,0.0,True,False
014029,forcola,COMUNE DI FORCOLA,2024,764,128,0.0,0.0,610418.36,0.0,0.0,0.0,True,False
014030,fusine,COMUNE DI FUSINE,2024,551,87,0.0,0.0,701640.41,0.0,0.0,0.0,True,False
014031,gerola alta,COMUNE DI GEROLA ALTA,2024,165,13,0.0,0.0,655270.97,0.0,0.0,0.0,True,False
014032,gordona,COMUNE DI GORDONA,2024,1974,287,0.0,0.0,1691812.33,0.0,0.0,0.0,True,False
014033,grosio,COMUNE DI GROSIO,2024,4294,607,0.0,0.0,3476599.5300000003,0.0,0.0,0.0,True,False
014034,grosotto,COMUNE DI GROSOTTO,2024,1630,258,0.0,0.0,1768725.22,0.0,0.0,0.0,True,False
014035,madesimo,COMUNE DI MADESIMO,2024,516,62,0.0,0.0,3020017.29,0.0,0.0,0.0,True,False
014036,lanzada,COMUNE DI LANZADA,2024,1256,205,0.0,0.0,1875757.91,0.0,0.0,0.0,True,False
014037,livigno,COMUNE DI LIVIGNO,2024,6807,1399,0.0,0.0,27737791.65,0.0,0.0,0.0,True,False
014038,lovero,COMUNE DI LOVERO,2024,617,88,0.0,13194.3,1064730.25,0.0,0.0,0.0,True,False
014039,mantello,COMUNE DI MANTELLO,2024,753,132,0.0,0.0,592971.17,0.0,0.0,0.0,True,False
014040,mazzo di valtellina,COMUNE DI MAZZO DI VALTELLINA,2024,1024,160,1097.61,0.0,1074329.18,1.071884765625,6.8600625,0.10216700992893071,False,False
014041,mello,COMUNE DI MELLO,2024,933,169,0.0,0.0,728244.87,0.0,0.0,0.0,True,False
014043,mese,COMUNE DI MESE,2024,1849,294,0.0,0.0,1202832.5,0.0,0.0,0.0,True,False
014044,montagna in valtellina,COMUNE DI MONTAGNA IN VALTELLINA,2024,2948,348,3816.0,0.0,2153369.16,1.294436906377205,10.96551724137931,0.17721067390042863,False,False
014045,morbegno,COMUNE DI MORBEGNO,2024,12279,1848,146253.45,0.0,9830404.24,11.910860004886393,79.14147727272727,1.4877663871124795,False,False
014046,novate mezzola,COMUNE DI NOVATE MEZZOLA,2024,1898,279,0.0,0.0,1459289.12,0.0,0.0,0.0,True,False
014047,pedesina,COMUNE DI PEDESINA,2024,35,2,0.0,0.0,222982.83,0.0,0.0,0.0,True,False
014048,piantedo,COMUNE DI PIANTEDO,2024,1442,226,0.0,0.0,1209036.05,0.0,0.0,0.0,True,False
014049,piateda,COMUNE DI PIATEDA,2024,2054,250,19835.31,0.0,2546987.37,9.656918208373906,79.34124,0.7787753576493001,False,False
014050,piuro,COMUNE DI PIURO,2024,1901,307,2022.64,0.0,1682462.28,1.063987375065755,6.588403908794788,0.12021903991808958,False,False
014051,poggiridenti,COMUNE DI POGGIRIDENTI,2024,1820,239,0.0,0.0,1486292.44,0.0,0.0,0.0,True,False
014052,ponte in valtellina,COMUNE DI PONTE IN VALTELLINA,2024,2193,310,0.0,0.0,2027211.05,0.0,0.0,0.0,True,False
014053,postalesio,COMUNE DI POSTALESIO,2024,666,97,0.0,0.0,568300.32,0.0,0.0,0.0,True,False
014054,prata camportaccio,COMUNE DI PRATA CAMPORTACCIO,2024,2923,463,0.0,0.0,1711596.35,0.0,0.0,0.0,True,False
014055,rasura,COMUNE DI RASURA,2024,287,39,0.0,0.0,339463.88,0.0,0.0,0.0,True,False
014056,rogolo,COMUNE DI ROGOLO,2024,572,83,0.0,0.0,593094.91,0.0,0.0,0.0,True,False
014057,samolaco,COMUNE DI SAMOLACO,2024,2887,461,0.0,0.0,2014869.35,0.0,0.0,0.0,True,False
014058,san giacomo filippo,COMUNE DI SAN GIACOMO FILIPPO,2024,368,38,0.0,0.0,688120.5,0.0,0.0,0.0,True,False
014059,sernio,COMUNE DI SERNIO,2024,484,75,0.0,0.0,488654.64,0.0,0.0,0.0,True,False
014060,sondalo,COMUNE DI SONDALO,2024,3863,543,0.0,0.0,3622914.59,0.0,0.0,0.0,True,False
014061,sondrio,COMUNE DI SONDRIO,2024,21297,3142,142873.35,0.0,27340796.59,6.708613889280181,45.472103755569705,0.5225646938621258,False,False
014062,spriana,COMUNE DI SPRIANA,2024,83,1,0.0,0.0,246320.74,0.0,0.0,0.0,True,False
014063,talamona,COMUNE DI TALAMONA,2024,4599,731,22334.3,0.0,3170442.19,4.856338334420526,30.553077975376198,0.7044537847258461,False,False
014064,tartano,COMUNE DI TARTANO,2024,207,20,0.0,0.0,458265.13,0.0,0.0,0.0,True,False
014065,teglio,COMUNE DI TEGLIO,2024,4541,646,0.0,0.0,4379286.11,0.0,0.0,0.0,True,False
014066,tirano,COMUNE DI TIRANO,2024,8821,1270,10789.78,0.0,7282880.32,1.2231923818161208,8.495889763779529,0.14815264738553333,False,False
014067,torre di santa maria,COMUNE DI TORRE DI SANTA MARIA,2024,729,95,676.52,0.0,884894.48,0.9280109739368998,7.121263157894736,0.07645205335668949,False,False
014068,tovo di sant agata,COMUNE DI TOVO DI SANT'AGATA,2024,609,83,0.0,0.0,529545.28,0.0,0.0,0.0,True,False
014069,traona,COMUNE DI TRAONA,2024,2867,456,4539.61,0.0,1962466.75,1.5834007673526334,9.955285087719297,0.23132162621353966,False,False
014070,tresivio,COMUNE DI TRESIVIO,2024,2037,265,2022.64,0.0,1282818.86,0.9929504172803142,7.632603773584906,0.1576715203579093,False,False
014071,valdidentro,COMUNE DI VALDIDENTRO,2024,4177,677,0.0,0.0,6405487.14,0.0,0.0,0.0,True,False
014072,valdisotto,COMUNE DI VALDISOTTO,2024,3565,618,0.0,0.0,4473075.42,0.0,0.0,0.0,True,False
014073,valfurva,COMUNE DI VALFURVA,2024,2459,347,0.0,0.0,3009824.81,0.0,0.0,0.0,True,False
014074,val masino,COMUNE DI VAL MASINO,2024,827,126,0.0,0.0,1270172.99,0.0,0.0,0.0,True,False
014075,verceia,COMUNE DI VERCEIA,2024,1079,162,0.0,0.0,1009585.77,0.0,0.0,0.0,True,False
014076,vervio,COMUNE DI VERVIO,2024,201,22,3300.0,0.0,373627.83,16.417910447761194,150.0,0.8832318513318455,False,False
014077,villa di chiavenna,COMUNE DI VILLA DI CHIAVENNA,2024,955,154,6185.74,0.0,1014837.9,6.477214659685863,40.167142857142856,0.6095298569357727,False,False
014078,villa di tirano,COMUNE DI VILLA DI TIRANO,2024,2994,444,0.0,0.0,2512725.92,0.0,0.0,0.0,True,False
015002,abbiategrasso,COMUNE DI ABBIATEGRASSO,2024,32602,4927,9842.91,0.0,25633534.54,0.3019112324397276,1.9977491374061294,0.03839856725431514,False,False
015005,albairate,COMUNE DI ALBAIRATE,2024,4715,760,0.0,0.0,3470218.7,0.0,0.0,0.0,True,False
015007,arconate,COMUNE DI ARCONATE,2024,6808,1063,0.0,0.0,4503530.34,0.0,0.0,0.0,True,False
015009,arese,COMUNE DI ARESE,2024,19515,2899,74756.43,0.0,15818439.82,3.8307163720215214,25.786971369437733,0.4725904125227439,False,False
015010,arluno,COMUNE DI ARLUNO,2024,12431,1813,25175.0,0.0,11753933.59,2.0251789880138364,13.885824600110315,0.2141836161250593,False,False
015011,assago,COMUNE DI ASSAGO,2024,9224,1306,12670.57,222824.32,13246129.35,1.3736524284475282,9.701814701378254,0.09565488653483517,False,False
015012,bareggio,COMUNE DI BAREGGIO,2024,17161,2576,5390.0,0.0,12300264.56,0.3140842608239613,2.092391304347826,0.04382019568528695,False,False
015014,basiano,COMUNE DI BASIANO,2024,3678,575,0.0,0.0,1991362.99,0.0,0.0,0.0,True,False
015015,basiglio,COMUNE DI BASIGLIO,2024,7931,1319,0.0,0.0,8740476.59,0.0,0.0,0.0,True,False
015016,bellinzago lombardo,COMUNE DI BELLINZAGO LOMBARDO,2024,3831,605,374.6,0.0,2580617.43,0.09778125815713913,0.6191735537190083,0.014515905986111239,False,False
015019,bernate ticino,COMUNE DI BERNATE TICINO,2024,2939,392,0.0,0.0,2545344.76,0.0,0.0,0.0,True,False
015022,besate,COMUNE DI BESATE,2024,2059,301,0.0,0.0,1206114.67,0.0,0.0,0.0,True,False
015024,binasco,COMUNE DI BINASCO,2024,7087,1058,15000.0,0.0,5764036.92,2.1165514321998025,14.177693761814744,0.26023428038694796,False,False
015026,boffalora sopra ticino,COMUNE DI BOFFALORA SOPRA TICINO,2024,4079,603,0.0,0.0,4591109.34,0.0,0.0,0.0,True,False
015027,bollate,COMUNE DI BOLLATE,2024,36323,5505,0.0,0.0,28371641.21,0.0,0.0,0.0,True,False
015032,bresso,COMUNE DI BRESSO,2024,26282,4017,12000.0,0.0,19915084.32,0.4565862567536717,2.9873039581777445,0.060255833252731116,False,False
015035,bubbiano,COMUNE DI BUBBIANO,2024,2454,428,0.0,0.0,1481455.61,0.0,0.0,0.0,True,False
015036,buccinasco,COMUNE DI BUCCINASCO,2024,26618,4416,0.0,0.0,24916709.57,0.0,0.0,0.0,True,False
015038,buscate,COMUNE DI BUSCATE,2024,4680,655,0.0,0.0,3867684.74,0.0,0.0,0.0,True,False
015040,bussero,COMUNE DI BUSSERO,2024,8329,1265,111550.0,0.0,6060016.43,13.392964341457558,88.18181818181819,1.8407540852162345,False,False
015041,busto garolfo,COMUNE DI BUSTO GAROLFO,2024,14037,2021,9400.0,0.0,9374980.97,0.6696587589940871,4.651162790697675,0.10026687019504424,False,False
015042,calvignasco,COMUNE DI CALVIGNASCO,2024,1207,208,0.0,0.0,926295.04,0.0,0.0,0.0,True,False
015044,cambiago,COMUNE DI CAMBIAGO,2024,7210,1102,0.0,0.0,6452057.55,0.0,0.0,0.0,True,False
015046,canegrate,COMUNE DI CANEGRATE,2024,12574,1881,4470.15,0.0,8049445.439999999,0.3555073962144107,2.3764752791068577,0.055533639345967174,False,False
015050,carpiano,COMUNE DI CARPIANO,2024,4138,538,54381.34,0.0,4717678.17,13.141938134364427,101.08055762081784,1.1527140690904738,False,False
015051,carugate,COMUNE DI CARUGATE,2024,15740,2485,87955.42,0.0,10544411.23,5.588019059720457,35.3945352112676,0.8341425432058002,False,False
015055,casarile,COMUNE DI CASARILE,2024,3952,656,0.0,0.0,2537614.42,0.0,0.0,0.0,True,False
015058,casorezzo,COMUNE DI CASOREZZO,2024,5642,872,0.0,0.0,3582430.71,0.0,0.0,0.0,True,False
015059,cassano d adda,COMUNE DI CASSANO D'ADDA,2024,19459,3032,0.0,0.0,15873692.54,0.0,0.0,0.0,True,False
015060,cassina de pecchi,COMUNE DI CASSINA DE' PECCHI,2024,13909,1977,0.0,0.0,11634658.9,0.0,0.0,0.0,True,False
015061,cassinetta di lugagnano,COMUNE DI CASSINETTA DI LUGAGNANO,2024,1914,302,0.0,0.0,1424895.2,0.0,0.0,0.0,True,False
015062,castano primo,COMUNE DI CASTANO PRIMO,2024,10811,1594,2830.0,0.0,8818157.1,0.2617704190176672,1.7754077791718945,0.03209287346445665,False,False
015070,cernusco sul naviglio,COMUNE DI CERNUSCO SUL NAVIGLIO,2024,34863,4931,210727.34,0.0,33470070.56,6.044440811175171,42.735213952545124,0.6295993300110928,False,False
015071,cerro al lambro,COMUNE DI CERRO AL LAMBRO,2024,5184,767,19508.69,0.0,3881461.79,3.763250385802469,25.435058670143412,0.5026119296153112,False,False
015072,cerro maggiore,COMUNE DI CERRO MAGGIORE,2024,15021,2135,0.0,0.0,10610896.51,0.0,0.0,0.0,True,False
015074,cesano boscone,COMUNE DI CESANO BOSCONE,2024,23350,3526,34480.79,0.0,25625288.54,1.4766933618843683,9.77901020986954,0.13455766535536542,False,False
015076,cesate,COMUNE DI CESATE,2024,14300,2257,2899.39,0.0,8393778.16,0.20275454545454544,1.2846211785556048,0.03454213281233537,False,False
015077,cinisello balsamo,COMUNE DI CINISELLO BALSAMO,2024,74741,11504,693065.09,25621.3,64225447.37,9.272890247655235,60.245574582753825,1.0791129036552791,False,False
015078,cisliano,COMUNE DI CISLIANO,2024,5112,655,0.0,0.0,3210240.39,0.0,0.0,0.0,True,False
015081,cologno monzese,COMUNE DI COLOGNO MONZESE,2024,47006,6986,34143.11,0.0,38797016.85,0.726356422584351,4.887361866590323,0.08800447243664818,False,False
015082,colturano,COMUNE DI COLTURANO,2024,2039,327,0.0,0.0,1592945.24,0.0,0.0,0.0,True,False
015085,corbetta,COMUNE DI CORBETTA,2024,18911,2732,25000.0,0.0,12737837.39,1.3219819152873988,9.150805270863836,0.1962656551074091,False,False
015086,cormano,COMUNE DI CORMANO,2024,20556,3173,0.0,0.0,18858984.04,0.0,0.0,0.0,True,False
015087,cornaredo,COMUNE DI CORNAREDO,2024,20693,3096,67553.38,1736.87,17006569.15,3.2645522640506455,21.819567183462535,0.39721932980233116,False,False
015093,corsico,COMUNE DI CORSICO,2024,34542,4998,0.0,0.0,30185151.54,0.0,0.0,0.0,True,False
015096,cuggiono,COMUNE DI CUGGIONO,2024,8079,1211,0.0,0.0,6968215.62,0.0,0.0,0.0,True,False
015097,cusago,COMUNE DI CUSAGO,2024,4689,704,0.0,0.0,3528474.09,0.0,0.0,0.0,True,False
015098,cusano milanino,COMUNE DI CUSANO MILANINO,2024,18919,2526,0.0,0.0,14804270.45,0.0,0.0,0.0,True,False
015099,dairago,COMUNE DI DAIRAGO,2024,6380,879,0.0,0.0,3520486.03,0.0,0.0,0.0,True,False
015101,dresano,COMUNE DI DRESANO,2024,3097,438,0.0,0.0,2474340.49,0.0,0.0,0.0,True,False
015103,gaggiano,COMUNE DI GAGGIANO,2024,9347,1281,319594.99,0.0,9092737.95,34.19225312934631,249.48867291178766,3.5148377942641575,False,False
015105,garbagnate milanese,COMUNE DI GARBAGNATE MILANESE,2024,26913,4132,5500.0,0.0,19385031.24,0.20436220413926356,1.3310745401742499,0.028372407203817333,False,False
015106,gessate,COMUNE DI GESSATE,2024,8788,1370,41621.65,0.0,6321157.8,4.736191397360036,30.380766423357667,0.6584497858920719,False,False
015108,gorgonzola,COMUNE DI GORGONZOLA,2024,21214,3205,65383.92,0.0,17569174.16,3.08211181295371,20.40059906396256,0.3721513567146516,False,False
015110,grezzago,COMUNE DI GREZZAGO,2024,3171,492,0.0,0.0,2030085.74,0.0,0.0,0.0,True,False
015112,gudo visconti,COMUNE DI GUDO VISCONTI,2024,1634,277,0.0,0.0,1156472.19,0.0,0.0,0.0,True,False
015113,inveruno,COMUNE DI INVERUNO,2024,8446,1115,0.0,0.0,6366428.08,0.0,0.0,0.0,True,False
015114,inzago,COMUNE DI INZAGO,2024,11314,1639,21650.0,0.0,8318406.16,1.913558423192505,13.209273947528981,0.26026620464995426,False,False
015115,lacchiarella,COMUNE DI LACCHIARELLA,2024,9133,1370,0.0,0.0,8671434.48,0.0,0.0,0.0,True,False
015116,lainate,COMUNE DI LAINATE,2024,26327,4009,15000.0,0.0,17944232.65,0.5697572833972727,3.7415814417560487,0.08359231789162073,False,False
015118,legnano,COMUNE DI LEGNANO,2024,60397,9036,20053.39,225028.26,57266760.32,0.3320262595824296,2.2192773351040285,0.03501750385030337,False,False
015122,liscate,COMUNE DI LISCATE,2024,4064,661,0.0,0.0,3616993.03,0.0,0.0,0.0,True,False
015125,locate di triulzi,COMUNE DI LOCATE DI TRIULZI,2024,10332,1601,0.0,0.0,7822039.31,0.0,0.0,0.0,True,False
015130,magenta,COMUNE DI MAGENTA,2024,24597,3696,2496.12,0.0,28987942.83,0.10148066837419197,0.6753571428571429,0.008610890447240473,False,False
015131,magnago,COMUNE DI MAGNAGO,2024,9518,1399,20000.0,0.0,6189840.94,2.101281781886951,14.295925661186562,0.3231100797882538,False,False
015134,marcallo con casone,COMUNE DI MARCALLO CON CASONE,2024,6303,893,0.0,0.0,4630317.3100000005,0.0,0.0,0.0,True,False
015136,masate,COMUNE DI MASATE,2024,3823,592,0.0,0.0,1672125.6,0.0,0.0,0.0,True,False
015139,mediglia,COMUNE DI MEDIGLIA,2024,12220,1935,8289.5,0.0,7551633.0,0.6783551554828151,4.283979328165374,0.1097709594732689,False,False
015140,melegnano,COMUNE DI MELEGNANO,2024,17940,2626,7366.39,37750.22,17499382.31,0.41061259754738016,2.8051751713632904,0.04209514295707733,False,False
015142,melzo,COMUNE DI MELZO,2024,18386,2714,27035.54,0.0,20193427.15,1.470441640378549,9.961510685335298,0.13388287089247256,False,False
015144,mesero,COMUNE DI MESERO,2024,4232,570,0.0,0.0,2592220.18,0.0,0.0,0.0,True,False
015146,milano,COMUNE DI MILANO,2024,1371499,212240,3242369.59,179741.96,3075626652.56,2.364106419326591,15.27690157369016,0.10542142972071111,False,False
015150,morimondo,COMUNE DI MORIMONDO,2024,1010,153,0.0,0.0,1056711.17,0.0,0.0,0.0,True,False
015151,motta visconti,COMUNE DI MOTTA VISCONTI,2024,8190,1229,0.0,0.0,4769711.42,0.0,0.0,0.0,True,False
015154,nerviano,COMUNE DI NERVIANO,2024,16891,2583,13400.0,0.0,14535852.98,0.7933218873956545,5.18776616337592,0.09218585258420796,False,False
015155,nosate,COMUNE DI NOSATE,2024,643,80,0.0,0.0,778611.09,0.0,0.0,0.0,True,False
015157,novate milanese,COMUNE DI NOVATE MILANESE,2024,20096,2919,14914.0,0.0,16889911.88,0.7421377388535032,5.109284001370332,0.0883012303791842,False,False
015158,noviglio,COMUNE DI NOVIGLIO,2024,4541,721,0.0,0.0,2889676.29,0.0,0.0,0.0,True,False
015159,opera,COMUNE DI OPERA,2024,14340,1955,21449.0,0.0,12154790.09,1.4957461645746164,10.971355498721227,0.1764654086264027,False,False
015164,ossona,COMUNE DI OSSONA,2024,4318,673,0.0,0.0,4118773.95,0.0,0.0,0.0,True,False
015165,ozzero,COMUNE DI OZZERO,2024,1418,212,0.0,0.0,1406924.57,0.0,0.0,0.0,True,False
015166,paderno dugnano,COMUNE DI PADERNO DUGNANO,2024,47435,7060,67094.91,0.0,35017568.31,1.4144599978918522,9.503528328611898,0.19160356711816462,False,False
015167,pantigliate,COMUNE DI PANTIGLIATE,2024,5792,935,39350.0,0.0,4235726.82,6.793853591160221,42.0855614973262,0.9290023099270598,False,False
015168,parabiago,COMUNE DI PARABIAGO,2024,28142,3953,90134.45,0.0,23155992.78,3.20284450287826,22.801530483177334,0.38924891217728214,False,False
015169,paullo,COMUNE DI PAULLO,2024,11116,1719,991.86,0.0,8427768.54,0.08922813961856783,0.5769982547993019,0.011768951594866654,False,False
015170,pero,COMUNE DI PERO,2024,11734,1849,0.0,0.0,11715024.05,0.0,0.0,0.0,True,False
015171,peschiera borromeo,COMUNE DI PESCHIERA BORROMEO,2024,24393,3640,23705.75,0.0,24493043.55,0.9718259336694953,6.512568681318681,0.096785644265104,False,False
015172,pessano con bornago,COMUNE DI PESSANO CON BORNAGO,2024,8972,1531,66250.0,0.0,6978178.09,7.384083816317432,43.27237099934683,0.9493882091507356,False,False
015173,pieve emanuele,COMUNE DI PIEVE EMANUELE,2024,15713,2630,24837.24,0.0,17242787.11,1.5806809648062115,9.443817490494297,0.14404423044575887,False,False
015175,pioltello,COMUNE DI PIOLTELLO,2024,36677,6140,69339.68,0.0,26057721.44,1.8905493906262778,11.293107491856677,0.2661003194759764,False,False
015176,pogliano milanese,COMUNE DI POGLIANO MILANESE,2024,8357,1346,0.0,0.0,7109835.94,0.0,0.0,0.0,True,False
015177,pozzo d adda,COMUNE DI POZZO D'ADDA,2024,6688,949,0.0,0.0,4529098.86,0.0,0.0,0.0,True,False
015178,pozzuolo martesana,COMUNE DI POZZUOLO MARTESANA,2024,8623,1350,0.0,0.0,4288172.4,0.0,0.0,0.0,True,False
015179,pregnana milanese,COMUNE DI PREGNANA MILANESE,2024,7300,1007,0.0,0.0,5762874.47,0.0,0.0,0.0,True,False
015181,rescaldina,COMUNE DI RESCALDINA,2024,14230,2102,0.0,0.0,10322548.24,0.0,0.0,0.0,True,False
015182,rho,COMUNE DI RHO,2024,50848,7310,261328.25,0.0,47317645.37,5.139400763058528,35.74941860465116,0.5522849836599975,False,False
015183,robecchetto con induno,COMUNE DI ROBECCHETTO CON INDUNO,2024,4781,729,0.0,0.0,4039050.82,0.0,0.0,0.0,True,False
015184,robecco sul naviglio,COMUNE DI ROBECCO SUL NAVIGLIO,2024,6810,991,0.0,0.0,4916172.2,0.0,0.0,0.0,True,False
015185,rodano,COMUNE DI RODANO,2024,4646,704,0.0,0.0,3375838.14,0.0,0.0,0.0,True,False
015188,rosate,COMUNE DI ROSATE,2024,5704,854,51078.21,0.0,4238788.01,8.954805399719495,59.81055035128806,1.2050192149146897,False,False
015189,rozzano,COMUNE DI ROZZANO,2024,41336,6676,21434.72,0.0,47053420.12,0.5185484807431779,3.2107130017974836,0.04555401062310707,False,False
015191,san colombano al lambro,COMUNE DI SAN COLOMBANO AL LAMBRO,2024,7344,1046,0.0,0.0,5205843.02,0.0,0.0,0.0,True,False
015192,san donato milanese,COMUNE DI SAN DONATO MILANESE,2024,32221,5232,267989.16,0.0,31193543.69,8.31722044629279,51.22116972477064,0.8591173951355571,False,False
015194,san giorgio su legnano,COMUNE DI SAN GIORGIO SU LEGNANO,2024,6732,1023,1443.89,0.0,4547689.06,0.21448158051099228,1.4114271749755622,0.031749971929699174,False,False
015195,san giuliano milanese,COMUNE DI SAN GIULIANO MILANESE,2024,39690,6243,312542.09,0.0,29352903.94,7.874580246913581,50.06280474131027,1.0647740020505787,False,False
015200,santo stefano ticino,COMUNE DI SANTO STEFANO TICINO,2024,5011,679,0.0,0.0,3743097.69,0.0,0.0,0.0,True,False
015201,san vittore olona,COMUNE DI SAN VITTORE OLONA,2024,8321,1254,0.0,0.0,5673785.22,0.0,0.0,0.0,True,False
015202,san zenone al lambro,COMUNE DI SAN ZENONE AL LAMBRO,2024,4444,731,0.0,0.0,3323347.93,0.0,0.0,0.0,True,False
015204,sedriano,COMUNE DI SEDRIANO,2024,12820,2028,0.0,0.0,8415070.83,0.0,0.0,0.0,True,False
015205,segrate,COMUNE DI SEGRATE,2024,37051,5594,21017.21,0.0,34391007.230000004,0.5672508164422012,3.7570986771540937,0.06111251659319312,False,False
015206,senago,COMUNE DI SENAGO,2024,21471,3393,6839.62,0.0,14602168.12,0.31855153462810304,2.015803124078986,0.0468397565607538,False,False
015209,sesto san giovanni,COMUNE DI SESTO SAN GIOVANNI,2024,78495,11304,45092.4,1500.0,81785191.64,0.5744620676476209,3.9890658174097666,0.05513516456437076,False,False
015210,settala,COMUNE DI SETTALA,2024,7403,1293,25951.79,0.0,6201234.22,3.5055774685938133,20.070989945862337,0.41849394941899165,False,False
015211,settimo milanese,COMUNE DI SETTIMO MILANESE,2024,19901,3045,50275.0,0.0,14348886.12,2.526254962062208,16.510673234811165,0.3503756290178154,False,False
015213,solaro,COMUNE DI SOLARO,2024,14071,2197,1627.0,0.0,9234347.78,0.11562788714377088,0.7405553026854802,0.017619002865841817,False,False
015219,trezzano rosa,COMUNE DI TREZZANO ROSA,2024,5383,876,0.0,0.0,3386358.97,0.0,0.0,0.0,True,False
015220,trezzano sul naviglio,COMUNE DI TREZZANO SUL NAVIGLIO,2024,21585,3249,53071.09,0.0,21786937.220000003,2.4587023395876764,16.33459218220991,0.24359132935528782,False,False
015221,trezzo sull adda,COMUNE DI TREZZO SULL'ADDA,2024,12107,1802,19898.86,0.0,11272174.9,1.643583051127447,11.042652608213096,0.17653079531262417,False,False
015222,tribiano,COMUNE DI TRIBIANO,2024,3778,603,0.0,0.0,2871219.6,0.0,0.0,0.0,True,False
015224,truccazzano,COMUNE DI TRUCCAZZANO,2024,5830,918,9284.31,0.0,5112044.08,1.5925060034305316,10.113627450980392,0.18161639169590257,False,False
015226,turbigo,COMUNE DI TURBIGO,2024,7138,1102,0.0,0.0,8107358.38,0.0,0.0,0.0,True,False
015229,vanzago,COMUNE DI VANZAGO,2024,9364,1461,1525.0,0.0,6005294.54,0.1628577530969671,1.0438056125941135,0.025394258180715314,False,False
015230,vaprio d adda,COMUNE DI VAPRIO D'ADDA,2024,9581,1416,25620.3,0.0,5567489.04,2.674073687506523,18.09343220338983,0.4601769274430399,False,False
015236,vernate,COMUNE DI VERNATE,2024,3413,503,0.0,0.0,2529469.49,0.0,0.0,0.0,True,False
015237,vignate,COMUNE DI VIGNATE,2024,9240,1375,0.0,0.0,6995378.46,0.0,0.0,0.0,True,False
015242,vimodrone,COMUNE DI VIMODRONE,2024,16793,2400,36631.2,0.0,15978784.55,2.1813374620377535,15.262999999999998,0.22924897626208995,False,False
015243,vittuone,COMUNE DI VITTUONE,2024,9244,1443,2302.0,0.0,5427697.64,0.24902639549978364,1.5952875952875953,0.042412089852521706,False,False
015244,vizzolo predabissi,COMUNE DI VIZZOLO PREDABISSI,2024,3860,552,3023.34,0.0,3312454.33,0.7832487046632125,5.477065217391305,0.09127189989061676,False,False
015247,zibido san giacomo,COMUNE DI ZIBIDO SAN GIACOMO,2024,6709,1153,54999.61,0.0,6326873.3,8.197884930690117,47.70130962705984,0.8693015869307831,False,False
015248,villa cortese,COMUNE DI VILLA CORTESE,2024,6225,900,0.0,0.0,4265335.33,0.0,0.0,0.0,True,False
015249,vanzaghello,COMUNE DI VANZAGHELLO,2024,5358,834,0.0,0.0,3891644.89,0.0,0.0,0.0,True,False
015250,baranzate,COMUNE DI BARANZATE,2024,11803,1933,23386.03,0.0,9194013.7,1.981363212742523,12.098308329022245,0.25436148741000897,False,False
015251,vermezzo con zelo,COMUNE DI VERMEZZO CON ZELO,2024,5910,915,0.0,0.0,3962783.93,0.0,0.0,0.0,True,False
016001,adrara san martino,COMUNE DI ADRARA SAN MARTINO,2024,2161,390,2474.0,0.0,1556420.65,1.1448403516890329,6.343589743589743,0.15895445745981335,False,False
016002,adrara san rocco,COMUNE DI ADRARA SAN ROCCO,2024,807,119,6141.7,0.0,594510.86,7.610532837670384,51.6109243697479,1.0330677559027266,False,False
016003,albano sant alessandro,COMUNE DI ALBANO SANT'ALESSANDRO,2024,8247,1389,0.0,0.0,4881627.59,0.0,0.0,0.0,True,False
016004,albino,COMUNE DI ALBINO,2024,17492,2807,20514.8,0.0,15872982.86,1.1728104276240567,7.308443177769861,0.12924350880323449,False,False
016005,alme,COMUNE DI ALME',2024,5491,886,0.0,0.0,2811471.56,0.0,0.0,0.0,True,False
016006,almenno san bartolomeo,COMUNE DI ALMENNO SAN BARTOLOMEO,2024,6543,1063,0.0,0.0,4517312.24,0.0,0.0,0.0,True,False
016007,almenno san salvatore,COMUNE DI ALMENNO SAN SALVATORE,2024,5500,869,0.0,0.0,3133930.58,0.0,0.0,0.0,True,False
016008,alzano lombardo,COMUNE DI ALZANO LOMBARDO,2024,13495,2174,42855.0,0.0,10058238.65,3.1756206002223046,19.712511499540017,0.42606863379603743,False,False
016009,ambivere,COMUNE DI AMBIVERE,2024,2349,368,0.0,0.0,2045698.61,0.0,0.0,0.0,True,False
016010,antegnate,COMUNE DI ANTEGNATE,2024,3264,549,0.0,0.0,2652583.98,0.0,0.0,0.0,True,False
016011,arcene,COMUNE DI ARCENE,2024,4949,771,1500.0,0.0,3037020.51,0.3030915336431602,1.9455252918287937,0.04939051267717649,False,False
016012,ardesio,COMUNE DI ARDESIO,2024,3308,479,6140.96,0.0,2451319.14,1.85639661426844,12.820375782881003,0.2505165443288629,False,False
016013,arzago d adda,COMUNE DI ARZAGO D'ADDA,2024,2741,482,0.0,0.0,1642738.37,0.0,0.0,0.0,True,False
016014,averara,COMUNE DI AVERARA,2024,178,16,0.0,0.0,334362.43,0.0,0.0,0.0,True,False
016015,aviatico,COMUNE DI AVIATICO,2024,580,56,0.0,0.0,1056695.98,0.0,0.0,0.0,True,False
016016,azzano san paolo,COMUNE DI AZZANO SAN PAOLO,2024,7600,1245,10104.1,0.0,5818057.26,1.3294868421052632,8.115742971887551,0.1736679367091688,False,False
016017,azzone,COMUNE DI AZZONE,2024,357,40,0.0,0.0,514737.76,0.0,0.0,0.0,True,False
016018,bagnatica,COMUNE DI BAGNATICA,2024,4489,725,23359.5,0.0,3717444.71,5.203720204945422,32.22,0.6283751830165082,False,False
016019,barbata,COMUNE DI BARBATA,2024,694,96,2000.0,0.0,675896.14,2.881844380403458,20.833333333333332,0.2959034504916687,False,False
016020,bariano,COMUNE DI BARIANO,2024,4235,639,6528.7,0.0,2611544.91,1.5416056670602125,10.217057902973396,0.24999378624509272,False,False
016021,barzana,COMUNE DI BARZANA,2024,2026,345,0.0,0.0,1562773.55,0.0,0.0,0.0,True,False
016022,bedulita,COMUNE DI BEDULITA,2024,722,119,0.0,0.0,682967.5800000001,0.0,0.0,0.0,True,False
016023,berbenno,COMUNE DI BERBENNO,2024,2455,392,0.0,0.0,1813884.45,0.0,0.0,0.0,True,False
016024,bergamo,COMUNE DI BERGAMO,2024,120157,18765,2173790.57,0.0,157854635.26,18.091252028595918,115.84282280841992,1.3770837748410631,False,False
016025,berzo san fermo,COMUNE DI BERZO SAN FERMO,2024,1397,213,2708.4,0.0,907466.72,1.938725841088046,12.715492957746479,0.2984572260677505,False,False
016026,bianzano,COMUNE DI BIANZANO,2024,617,68,0.0,0.0,539850.0,0.0,0.0,0.0,True,False
016027,blello,COMUNE DI BLELLO,2024,74,12,0.0,0.0,147944.13999999998,0.0,0.0,0.0,True,False
016028,bolgare,COMUNE DI BOLGARE,2024,6680,1070,0.0,0.0,5793709.76,0.0,0.0,0.0,True,False
016029,boltiere,COMUNE DI BOLTIERE,2024,6253,1015,0.0,0.0,3607487.14,0.0,0.0,0.0,True,False
016030,bonate sopra,COMUNE DI BONATE SOPRA,2024,10466,1586,2870.81,0.0,6401436.24,0.274298681444678,1.810094577553594,0.04484634217023772,False,False
016031,bonate sotto,COMUNE DI BONATE SOTTO,2024,6612,1033,0.0,0.0,4144399.6,0.0,0.0,0.0,True,False
016032,borgo di terzo,COMUNE DI BORGO DI TERZO,2024,1196,205,0.0,0.0,770684.03,0.0,0.0,0.0,True,False
016033,bossico,COMUNE DI BOSSICO,2024,970,138,0.0,0.0,802549.59,0.0,0.0,0.0,True,False
016034,bottanuco,COMUNE DI BOTTANUCO,2024,5084,759,0.0,0.0,3282087.89,0.0,0.0,0.0,True,False
016035,bracca,COMUNE DI BRACCA,2024,714,102,0.0,0.0,740534.38,0.0,0.0,0.0,True,False
016036,branzi,COMUNE DI BRANZI,2024,631,90,0.0,0.0,1360246.21,0.0,0.0,0.0,True,False
016037,brembate,COMUNE DI BREMBATE,2024,8598,1343,0.0,0.0,5389491.5,0.0,0.0,0.0,True,False
016038,brembate di sopra,COMUNE DI BREMBATE DI SOPRA,2024,7979,1292,0.0,0.0,5252278.39,0.0,0.0,0.0,True,False
016040,brignano gera d adda,COMUNE DI BRIGNANO GERA D'ADDA,2024,6154,909,0.0,0.0,3599758.81,0.0,0.0,0.0,True,False
016041,brumano,COMUNE DI BRUMANO,2024,129,14,0.0,0.0,192770.63,0.0,0.0,0.0,True,False
016042,brusaporto,COMUNE DI BRUSAPORTO,2024,5641,984,17090.03,0.0,3498421.37,3.0296099982272646,17.367916666666666,0.48850690618780435,False,False
016043,calcinate,COMUNE DI CALCINATE,2024,6207,1077,0.0,350000.0,3733856.78,0.0,0.0,0.0,True,False
016044,calcio,COMUNE DI CALCIO,2024,5491,945,0.0,0.0,3642867.46,0.0,0.0,0.0,True,False
016046,calusco d adda,COMUNE DI CALUSCO D'ADDA,2024,8340,1280,0.0,0.0,5710505.68,0.0,0.0,0.0,True,False
016047,calvenzano,COMUNE DI CALVENZANO,2024,4444,696,0.0,0.0,2745092.55,0.0,0.0,0.0,True,False
016048,camerata cornello,COMUNE DI CAMERATA CORNELLO,2024,551,104,0.0,0.0,1081388.8,0.0,0.0,0.0,True,False
016049,canonica d adda,COMUNE DI CANONICA D'ADDA,2024,4275,668,0.0,0.0,2538058.35,0.0,0.0,0.0,True,False
016050,capizzone,COMUNE DI CAPIZZONE,2024,1214,201,0.0,0.0,866091.56,0.0,0.0,0.0,True,False
016051,capriate san gervasio,COMUNE DI CAPRIATE SAN GERVASIO,2024,8243,1211,0.0,0.0,5554620.71,0.0,0.0,0.0,True,False
016052,caprino bergamasco,COMUNE DI CAPRINO BERGAMASCO,2024,3042,460,0.0,52699.0,2146015.86,0.0,0.0,0.0,True,False
016053,caravaggio,COMUNE DI CARAVAGGIO,2024,16332,2488,19012.6,0.0,12986311.21,1.1641317658584374,7.641720257234726,0.14640493125838155,False,False
016055,carobbio degli angeli,COMUNE DI CAROBBIO DEGLI ANGELI,2024,4891,866,0.0,0.0,2977557.94,0.0,0.0,0.0,True,False
016056,carona,COMUNE DI CARONA,2024,282,36,0.0,0.0,858861.57,0.0,0.0,0.0,True,False
016057,carvico,COMUNE DI CARVICO,2024,4661,687,9800.0,0.0,2870656.71,2.1025531001930915,14.264919941775837,0.34138529925439953,False,False
016058,casazza,COMUNE DI CASAZZA,2024,3791,677,0.0,0.0,2777376.4,0.0,0.0,0.0,True,False
016059,casirate d adda,COMUNE DI CASIRATE D'ADDA,2024,4069,676,0.0,0.0,2607498.26,0.0,0.0,0.0,True,False
016060,casnigo,COMUNE DI CASNIGO,2024,3036,450,13794.3,0.0,2565321.4,4.543577075098814,30.654,0.5377220959525774,False,False
016061,cassiglio,COMUNE DI CASSIGLIO,2024,104,20,0.0,0.0,212961.94,0.0,0.0,0.0,True,False
016062,castelli calepio,COMUNE DI CASTELLI CALEPIO,2024,10389,1645,0.0,0.0,6029048.82,0.0,0.0,0.0,True,False
016063,castel rozzone,COMUNE DI CASTEL ROZZONE,2024,2786,403,0.0,0.0,1731242.98,0.0,0.0,0.0,True,False
016064,castione della presolana,COMUNE DI CASTIONE DELLA PRESOLANA,2024,3284,508,13000.0,0.0,6104644.17,3.958587088915956,25.590551181102363,0.2129526248865706,False,False
016065,castro,COMUNE DI CASTRO,2024,1207,183,0.0,0.0,961056.17,0.0,0.0,0.0,True,False
016066,cavernago,COMUNE DI CAVERNAGO,2024,2869,492,0.0,0.0,2165202.98,0.0,0.0,0.0,True,False
016067,cazzano sant andrea,COMUNE DI CAZZANO SANT'ANDREA,2024,1690,288,0.0,0.0,1038939.07,0.0,0.0,0.0,True,False
016068,cenate sopra,COMUNE DI CENATE SOPRA,2024,2527,479,0.0,0.0,1610503.54,0.0,0.0,0.0,True,False
016069,cenate sotto,COMUNE DI CENATE SOTTO,2024,3904,645,0.0,0.0,2563539.14,0.0,0.0,0.0,True,False
016070,cene,COMUNE DI CENE,2024,4073,605,0.0,0.0,4823811.8,0.0,0.0,0.0,True,False
016071,cerete,COMUNE DI CERETE,2024,1648,243,0.0,11500.0,1242337.41,0.0,0.0,0.0,True,False
016072,chignolo d isola,COMUNE DI CHIGNOLO D'ISOLA,2024,3407,498,0.0,0.0,2181777.69,0.0,0.0,0.0,True,False
016073,chiuduno,COMUNE DI CHIUDUNO,2024,6168,1051,0.0,0.0,4280175.87,0.0,0.0,0.0,True,False
016074,cisano bergamasco,COMUNE DI CISANO BERGAMASCO,2024,6215,980,0.0,0.0,4359371.56,0.0,0.0,0.0,True,False
016075,ciserano,COMUNE DI CISERANO,2024,5678,968,0.0,0.0,4819651.14,0.0,0.0,0.0,True,False
016076,cividate al piano,COMUNE DI CIVIDATE AL PIANO,2024,5025,775,0.0,0.0,3459423.98,0.0,0.0,0.0,True,False
016077,clusone,COMUNE DI CLUSONE,2024,8600,1328,23794.95,0.0,11028988.34,2.7668546511627907,17.917884036144578,0.21574916271966973,False,False
016078,colere,COMUNE DI COLERE,2024,1093,156,0.0,0.0,1152521.43,0.0,0.0,0.0,True,False
016079,cologno al serio,COMUNE DI COLOGNO AL SERIO,2024,11105,1759,6918.65,0.0,8048747.0,0.6230211616389013,3.933285957930642,0.08595934249144618,False,False
016080,colzate,COMUNE DI COLZATE,2024,1619,249,1691.29,0.0,1384959.47,1.044651019147622,6.792329317269076,0.12211837505974091,False,False
016081,comun nuovo,COMUNE DI COMUN NUOVO,2024,4438,731,0.0,0.0,2752878.33,0.0,0.0,0.0,True,False
016082,corna imagna,COMUNE DI CORNA IMAGNA,2024,916,163,0.0,0.0,640063.55,0.0,0.0,0.0,True,False
016083,cortenuova,COMUNE DI CORTENUOVA,2024,1978,360,0.0,0.0,2047994.83,0.0,0.0,0.0,True,False
016084,costa di mezzate,COMUNE DI COSTA DI MEZZATE,2024,3431,619,29113.16,0.0,2274087.47,8.48532789274264,47.03256865912763,1.2802128495083787,False,False
016085,costa valle imagna,COMUNE DI COSTA VALLE IMAGNA,2024,562,80,0.0,0.0,1232562.2,0.0,0.0,0.0,True,False
016086,costa volpino,COMUNE DI COSTA VOLPINO,2024,8788,1347,0.0,0.0,5862852.92,0.0,0.0,0.0,True,False
016087,covo,COMUNE DI COVO,2024,4344,700,0.0,0.0,2769706.63,0.0,0.0,0.0,True,False
016088,credaro,COMUNE DI CREDARO,2024,3530,591,0.0,0.0,1923079.94,0.0,0.0,0.0,True,False
016089,curno,COMUNE DI CURNO,2024,7525,1235,0.0,0.0,5543724.47,0.0,0.0,0.0,True,False
016090,cusio,COMUNE DI CUSIO,2024,204,22,0.0,0.0,409861.5,0.0,0.0,0.0,True,False
016091,dalmine,COMUNE DI DALMINE,2024,23614,3948,0.0,0.0,24496927.04,0.0,0.0,0.0,True,False
016092,dossena,COMUNE DI DOSSENA,2024,882,119,0.0,0.0,1108231.6,0.0,0.0,0.0,True,False
016093,endine gaiano,COMUNE DI ENDINE GAIANO,2024,3435,530,0.0,0.0,2317623.42,0.0,0.0,0.0,True,False
016094,entratico,COMUNE DI ENTRATICO,2024,1980,328,0.0,0.0,1367098.19,0.0,0.0,0.0,True,False
016096,fara gera d adda,COMUNE DI FARA GERA D'ADDA,2024,8012,1195,3294.78,0.0,4965510.11,0.4112306540189716,2.7571380753138075,0.06635330362865781,False,False
016097,fara olivana con sola,COMUNE DI FARA OLIVANA CON SOLA,2024,1353,177,0.0,0.0,981124.22,0.0,0.0,0.0,True,False
016098,filago,COMUNE DI FILAGO,2024,3052,467,0.0,0.0,2889325.8000000003,0.0,0.0,0.0,True,False
016099,fino del monte,COMUNE DI FINO DEL MONTE,2024,1141,180,0.0,0.0,833926.1799999999,0.0,0.0,0.0,True,False
016100,fiorano al serio,COMUNE DI FIORANO AL SERIO,2024,2933,454,0.0,0.0,2536384.26,0.0,0.0,0.0,True,False
016101,fontanella,COMUNE DI FONTANELLA,2024,4872,761,0.0,0.0,2899582.82,0.0,0.0,0.0,True,False
016102,fonteno,COMUNE DI FONTENO,2024,565,85,483.23,0.0,509138.4,0.8552743362831858,5.685058823529412,0.09491132470071006,False,False
016103,foppolo,COMUNE DI FOPPOLO,2024,152,20,0.0,0.0,548333.66,0.0,0.0,0.0,True,False
016104,foresto sparso,COMUNE DI FORESTO SPARSO,2024,3098,495,0.0,0.0,1496317.87,0.0,0.0,0.0,True,False
016105,fornovo san giovanni,COMUNE DI FORNOVO SAN GIOVANNI,2024,3406,559,0.0,0.0,2128374.49,0.0,0.0,0.0,True,False
016106,fuipiano valle imagna,COMUNE DI FUIPIANO VALLE IMAGNA,2024,209,30,0.0,0.0,397094.84,0.0,0.0,0.0,True,False
016107,gandellino,COMUNE DI GANDELLINO,2024,964,129,0.0,0.0,1189715.57,0.0,0.0,0.0,True,False
016108,gandino,COMUNE DI GANDINO,2024,5156,772,0.0,0.0,3608764.71,0.0,0.0,0.0,True,False
016109,gandosso,COMUNE DI GANDOSSO,2024,1447,231,0.0,0.0,841359.87,0.0,0.0,0.0,True,False
016110,gaverina terme,COMUNE DI GAVERINA TERME,2024,884,153,905.0,0.0,720978.98,1.0237556561085972,5.915032679738562,0.12552377047108917,False,False
016111,gazzaniga,COMUNE DI GAZZANIGA,2024,4923,767,6459.9,0.0,3492057.18,1.312187690432663,8.422294654498044,0.18498837982945054,False,False
016113,ghisalba,COMUNE DI GHISALBA,2024,6165,1106,5000.0,0.0,4262350.56,0.8110300081103001,4.520795660036167,0.11730616545064282,False,False
016114,gorlago,COMUNE DI GORLAGO,2024,5161,867,0.0,0.0,3561528.26,0.0,0.0,0.0,True,False
016115,gorle,COMUNE DI GORLE,2024,6557,1085,0.0,0.0,3944555.75,0.0,0.0,0.0,True,False
016116,gorno,COMUNE DI GORNO,2024,1476,200,0.0,0.0,1406757.37,0.0,0.0,0.0,True,False
016117,grassobbio,COMUNE DI GRASSOBBIO,2024,6528,1121,0.0,0.0,4787483.13,0.0,0.0,0.0,True,False
016118,gromo,COMUNE DI GROMO,2024,1138,154,1954.83,0.0,1507414.68,1.7177768014059753,12.693701298701297,0.12968097139666968,False,False
016119,grone,COMUNE DI GRONE,2024,913,142,0.0,0.0,884651.52,0.0,0.0,0.0,True,False
016120,grumello del monte,COMUNE DI GRUMELLO DEL MONTE,2024,7546,1214,0.0,0.0,4877418.91,0.0,0.0,0.0,True,False
016121,isola di fondra,COMUNE DI ISOLA DI FONDRA,2024,172,22,0.0,0.0,373227.9,0.0,0.0,0.0,True,False
016122,isso,COMUNE DI ISSO,2024,588,84,0.0,0.0,522968.26,0.0,0.0,0.0,True,False
016123,lallio,COMUNE DI LALLIO,2024,4144,695,0.0,0.0,3445989.31,0.0,0.0,0.0,True,False
016124,leffe,COMUNE DI LEFFE,2024,4330,604,3460.87,0.0,3200008.05,0.7992771362586605,5.729917218543046,0.10815191543033775,False,False
016125,lenna,COMUNE DI LENNA,2024,555,68,0.0,0.0,829558.62,0.0,0.0,0.0,True,False
016126,levate,COMUNE DI LEVATE,2024,3718,615,8790.7,0.0,3538033.37,2.364362560516407,14.293821138211383,0.24846289112304218,False,False
016127,locatello,COMUNE DI LOCATELLO,2024,825,128,0.0,0.0,577263.32,0.0,0.0,0.0,True,False
016128,lovere,COMUNE DI LOVERE,2024,5006,689,12000.0,0.0,5537216.8,2.397123451857771,17.41654571843251,0.2167153722426039,False,False
016129,lurano,COMUNE DI LURANO,2024,2893,478,0.0,0.0,1895558.4,0.0,0.0,0.0,True,False
016130,luzzana,COMUNE DI LUZZANA,2024,901,159,0.0,0.0,600281.24,0.0,0.0,0.0,True,False
016131,madone,COMUNE DI MADONE,2024,4171,678,500.0,0.0,2741982.5300000003,0.11987532965715655,0.7374631268436578,0.01823498124183891,False,False
016132,mapello,COMUNE DI MAPELLO,2024,6946,1095,19312.6,0.0,4218487.61,2.7803915922833284,17.637077625570775,0.4578086220810305,False,False
016133,martinengo,COMUNE DI MARTINENGO,2024,10964,1753,0.0,0.0,6847321.3,0.0,0.0,0.0,True,False
016134,mezzoldo,COMUNE DI MEZZOLDO,2024,163,15,0.0,0.0,403633.78,0.0,0.0,0.0,True,False
016135,misano di gera d adda,COMUNE DI MISANO DI GERA D'ADDA,2024,2976,477,0.0,0.0,1902143.19,0.0,0.0,0.0,True,False
016136,moio de calvi,COMUNE DI MOIO DE' CALVI,2024,207,34,0.0,0.0,388537.66,0.0,0.0,0.0,True,False
016137,monasterolo del castello,COMUNE DI MONASTEROLO DEL CASTELLO,2024,1146,190,21931.67,0.0,1137978.54,19.13758289703316,115.42984210526315,1.9272481184047632,False,False
016139,montello,COMUNE DI MONTELLO,2024,3213,607,0.0,0.0,2239354.26,0.0,0.0,0.0,True,False
016140,morengo,COMUNE DI MORENGO,2024,2488,392,0.0,0.0,1312113.4400000002,0.0,0.0,0.0,True,False
016141,mornico al serio,COMUNE DI MORNICO AL SERIO,2024,2966,489,0.0,0.0,1772125.31,0.0,0.0,0.0,True,False
016142,mozzanica,COMUNE DI MOZZANICA,2024,4386,692,5682.6,0.0,2717496.24,1.2956224350205199,8.21184971098266,0.20911160487935027,False,False
016143,mozzo,COMUNE DI MOZZO,2024,7262,1191,19608.2,0.0,5216845.24,2.7001101624896724,16.46364399664148,0.37586317204993414,False,False
016144,nembro,COMUNE DI NEMBRO,2024,11209,1834,25000.0,0.0,8183951.82,2.2303506111160676,13.631406761177754,0.30547589416282755,False,False
016145,olmo al brembo,COMUNE DI OLMO AL BREMBO,2024,473,75,0.0,0.0,614577.1799999999,0.0,0.0,0.0,True,False
016146,oltre il colle,COMUNE DI OLTRE IL COLLE,2024,952,110,0.0,0.0,1382796.0,0.0,0.0,0.0,True,False
016147,oltressenda alta,COMUNE DI OLTRESSENDA ALTA,2024,136,20,0.0,0.0,235454.19,0.0,0.0,0.0,True,False
016148,oneta,COMUNE DI ONETA,2024,557,71,0.0,0.0,487039.24,0.0,0.0,0.0,True,False
016149,onore,COMUNE DI ONORE,2024,938,135,0.0,0.0,1366551.05,0.0,0.0,0.0,True,False
016150,orio al serio,COMUNE DI ORIO AL SERIO,2024,1634,274,0.0,0.0,5199320.44,0.0,0.0,0.0,True,False
016151,ornica,COMUNE DI ORNICA,2024,133,18,0.0,0.0,290813.57,0.0,0.0,0.0,True,False
016152,osio sopra,COMUNE DI OSIO SOPRA,2024,5180,892,0.0,0.0,3264633.87,0.0,0.0,0.0,True,False
016153,osio sotto,COMUNE DI OSIO SOTTO,2024,12702,2013,12602.63,0.0,11066654.04,0.9921768225476302,6.260620963735717,0.11387931667917216,False,False
016154,pagazzano,COMUNE DI PAGAZZANO,2024,2131,316,0.0,0.0,1528537.69,0.0,0.0,0.0,True,False
016155,paladina,COMUNE DI PALADINA,2024,3941,637,0.0,0.0,2415175.38,0.0,0.0,0.0,True,False
016156,palazzago,COMUNE DI PALAZZAGO,2024,4555,657,90.0,0.0,2762184.59,0.019758507135016465,0.136986301369863,0.003258290569204863,False,False
016157,palosco,COMUNE DI PALOSCO,2024,5714,962,215339.22,0.0,4059609.84,37.68624781239062,223.84534303534303,5.304431422897526,False,False
016158,parre,COMUNE DI PARRE,2024,2680,451,3353.28,0.0,1787716.04,1.251223880597015,7.435210643015521,0.18757341350475326,False,False
016159,parzanica,COMUNE DI PARZANICA,2024,340,36,0.0,0.0,587525.42,0.0,0.0,0.0,True,False
016160,pedrengo,COMUNE DI PEDRENGO,2024,5909,1015,2082.0,0.0,4422352.37,0.3523438822135725,2.051231527093596,0.04707901645566972,False,False
016161,peia,COMUNE DI PEIA,2024,1699,265,0.0,0.0,1162249.68,0.0,0.0,0.0,True,False
016162,pianico,COMUNE DI PIANICO,2024,1440,228,0.0,0.0,1336800.74,0.0,0.0,0.0,True,False
016163,piario,COMUNE DI PIARIO,2024,993,194,0.0,0.0,790142.27,0.0,0.0,0.0,True,False
016164,piazza brembana,COMUNE DI PIAZZA BREMBANA,2024,1185,179,1035.48,0.0,1096572.33,0.8738227848101267,5.784804469273743,0.09442879157820806,False,False
016165,piazzatorre,COMUNE DI PIAZZATORRE,2024,392,47,0.0,0.0,866959.4400000001,0.0,0.0,0.0,True,False
016166,piazzolo,COMUNE DI PIAZZOLO,2024,85,11,0.0,0.0,199549.36,0.0,0.0,0.0,True,False
016167,pognano,COMUNE DI POGNANO,2024,1547,225,0.0,0.0,1434014.86,0.0,0.0,0.0,True,False
016168,ponte nossa,COMUNE DI PONTE NOSSA,2024,1695,231,4477.73,0.0,1684310.4,2.641728613569321,19.38411255411255,0.26584945387738507,False,False
016169,ponteranica,COMUNE DI PONTERANICA,2024,6701,1045,0.0,0.0,3666903.23,0.0,0.0,0.0,True,False
016170,ponte san pietro,COMUNE DI PONTE SAN PIETRO,2024,11877,1880,0.0,5000.0,8504878.58,0.0,0.0,0.0,True,False
016171,pontida,COMUNE DI PONTIDA,2024,3255,529,0.0,0.0,2293367.78,0.0,0.0,0.0,True,False
016172,pontirolo nuovo,COMUNE DI PONTIROLO NUOVO,2024,4914,792,5782.36,0.0,3401552.08,1.1767114367114366,7.300959595959595,0.16999181150270673,False,False
016173,pradalunga,COMUNE DI PRADALUNGA,2024,4526,736,5572.5,0.0,2723031.06,1.2312196199734866,7.571331521739131,0.2046432771868566,False,False
016174,predore,COMUNE DI PREDORE,2024,1868,284,1460.0,0.0,1508920.9200000002,0.7815845824411135,5.140845070422535,0.0967578870866208,False,False
016175,premolo,COMUNE DI PREMOLO,2024,1054,163,0.0,0.0,868959.5599999999,0.0,0.0,0.0,True,False
016176,presezzo,COMUNE DI PRESEZZO,2024,4770,784,0.0,0.0,3184399.13,0.0,0.0,0.0,True,False
016177,pumenengo,COMUNE DI PUMENENGO,2024,1706,256,0.0,0.0,1236964.77,0.0,0.0,0.0,True,False
016178,ranica,COMUNE DI RANICA,2024,5885,918,21330.7,0.0,4081730.8,3.624587935429057,23.236056644880176,0.5225895838108677,False,False
016179,ranzanico,COMUNE DI RANZANICO,2024,1259,165,0.0,0.0,1058221.87,0.0,0.0,0.0,True,False
016180,riva di solto,COMUNE DI RIVA DI SOLTO,2024,851,85,800.0,0.0,894800.36,0.9400705052878966,9.411764705882353,0.08940541776268396,False,False
016182,rogno,COMUNE DI ROGNO,2024,3813,589,0.0,0.0,2477506.41,0.0,0.0,0.0,True,False
016183,romano di lombardia,COMUNE DI ROMANO DI LOMBARDIA,2024,20739,3255,0.0,0.0,13205556.4,0.0,0.0,0.0,True,False
016184,roncobello,COMUNE DI RONCOBELLO,2024,432,52,0.0,0.0,731900.51,0.0,0.0,0.0,True,False
016185,roncola,COMUNE DI RONCOLA,2024,922,153,0.0,0.0,787189.67,0.0,0.0,0.0,True,False
016186,rota d imagna,COMUNE DI ROTA D'IMAGNA,2024,907,118,0.0,0.0,890661.3,0.0,0.0,0.0,True,False
016187,rovetta,COMUNE DI ROVETTA,2024,4121,634,0.0,0.0,2876552.79,0.0,0.0,0.0,True,False
016188,san giovanni bianco,COMUNE DI SAN GIOVANNI BIANCO,2024,4578,769,0.0,0.0,3141003.56,0.0,0.0,0.0,True,False
016189,san paolo d argon,COMUNE DI SAN PAOLO D'ARGON,2024,5882,1026,54960.0,0.0,3852926.62,9.343760625637538,53.567251461988306,1.4264481372344433,False,False
016190,san pellegrino terme,COMUNE DI SAN PELLEGRINO TERME,2024,4645,651,24336.79,0.0,3808540.09,5.23935199138859,37.383701996927805,0.6390057456373002,False,False
016191,santa brigida,COMUNE DI SANTA BRIGIDA,2024,516,65,0.0,0.0,757582.21,0.0,0.0,0.0,True,False
016193,sarnico,COMUNE DI SARNICO,2024,6848,1020,0.0,0.0,6040260.26,0.0,0.0,0.0,True,False
016194,scanzorosciate,COMUNE DI SCANZOROSCIATE,2024,9930,1533,0.0,0.0,6381538.45,0.0,0.0,0.0,True,False
016195,schilpario,COMUNE DI SCHILPARIO,2024,1112,153,0.0,0.0,1403700.93,0.0,0.0,0.0,True,False
016196,sedrina,COMUNE DI SEDRINA,2024,2360,380,0.0,0.0,1962504.8,0.0,0.0,0.0,True,False
016197,selvino,COMUNE DI SELVINO,2024,1995,328,1998.0,0.0,3622971.21,1.0015037593984963,6.091463414634147,0.05514810591056284,False,False
016198,seriate,COMUNE DI SERIATE,2024,25566,4044,0.0,0.0,20566275.62,0.0,0.0,0.0,True,False
016199,serina,COMUNE DI SERINA,2024,2057,296,0.0,0.0,3144775.86,0.0,0.0,0.0,True,False
016200,solto collina,COMUNE DI SOLTO COLLINA,2024,1790,261,0.0,0.0,1484627.76,0.0,0.0,0.0,True,False
016201,songavazzo,COMUNE DI SONGAVAZZO,2024,717,128,0.0,0.0,842978.43,0.0,0.0,0.0,True,False
016202,sorisole,COMUNE DI SORISOLE,2024,8847,1488,0.0,0.0,4483952.18,0.0,0.0,0.0,True,False
016203,sotto il monte giovanni xxiii,COMUNE DI SOTTO IL MONTE GIOVANNI XXIII,2024,4372,705,0.0,0.0,2734017.15,0.0,0.0,0.0,True,False
016204,sovere,COMUNE DI SOVERE,2024,5309,875,0.0,0.0,3433182.7,0.0,0.0,0.0,True,False
016205,spinone al lago,COMUNE DI SPINONE AL LAGO,2024,991,156,0.0,0.0,1112052.06,0.0,0.0,0.0,True,False
016206,spirano,COMUNE DI SPIRANO,2024,5656,971,33315.97,0.0,4420812.91,5.8903765912305515,34.31098867147271,0.7536163750480904,False,False
016207,stezzano,COMUNE DI STEZZANO,2024,13663,2225,0.0,0.0,9537303.93,0.0,0.0,0.0,True,False
016208,strozza,COMUNE DI STROZZA,2024,1121,179,0.0,0.0,757864.29,0.0,0.0,0.0,True,False
016209,suisio,COMUNE DI SUISIO,2024,3775,634,0.0,0.0,2979460.32,0.0,0.0,0.0,True,False
016210,taleggio,COMUNE DI TALEGGIO,2024,521,62,0.0,0.0,778137.5599999999,0.0,0.0,0.0,True,False
016211,tavernola bergamasca,COMUNE DI TAVERNOLA BERGAMASCA,2024,1935,247,0.0,0.0,1436977.64,0.0,0.0,0.0,True,False
016212,telgate,COMUNE DI TELGATE,2024,5038,867,0.0,0.0,3463564.17,0.0,0.0,0.0,True,False
016213,terno d isola,COMUNE DI TERNO D'ISOLA,2024,8014,1404,0.0,0.0,4875570.36,0.0,0.0,0.0,True,False
016214,torre boldone,COMUNE DI TORRE BOLDONE,2024,8729,1337,0.0,0.0,5233287.54,0.0,0.0,0.0,True,False
016215,torre de busi,COMUNE DI TORRE DE' BUSI,2024,2255,320,0.0,0.0,1291134.14,0.0,0.0,0.0,True,False
016216,torre de roveri,COMUNE DI TORRE DE' ROVERI,2024,2568,417,0.0,0.0,1784114.14,0.0,0.0,0.0,True,False
016217,torre pallavicina,COMUNE DI TORRE PALLAVICINA,2024,1118,182,0.0,0.0,729604.2,0.0,0.0,0.0,True,False
016218,trescore balneario,COMUNE DI TRESCORE BALNEARIO,2024,9902,1747,32375.32,0.0,6942591.58,3.2695738234700062,18.531951917572982,0.4663290304050984,False,False
016219,treviglio,COMUNE DI TREVIGLIO,2024,31074,4783,72467.26,0.0,26950810.99,2.332086631910922,15.151005644992681,0.2688871219010393,False,False
016220,treviolo,COMUNE DI TREVIOLO,2024,10823,1795,60295.93,0.0,7132470.06,5.571092118636238,33.591047353760445,0.8453723533751505,False,False
016221,ubiale clanezzo,COMUNE DI UBIALE CLANEZZO,2024,1304,221,0.0,0.0,946004.31,0.0,0.0,0.0,True,False
016222,urgnano,COMUNE DI URGNANO,2024,10058,1732,9854.66,0.0,6922626.61,0.9797832571087691,5.689757505773672,0.1423543483591122,False,False
016223,valbondione,COMUNE DI VALBONDIONE,2024,945,104,0.0,0.0,2288027.63,0.0,0.0,0.0,True,False
016224,valbrembo,COMUNE DI VALBREMBO,2024,4349,643,0.0,0.0,2949383.93,0.0,0.0,0.0,True,False
016225,valgoglio,COMUNE DI VALGOGLIO,2024,568,74,0.0,0.0,568407.5599999999,0.0,0.0,0.0,True,False
016226,valleve,COMUNE DI VALLEVE,2024,126,14,0.0,0.0,434064.11,0.0,0.0,0.0,True,False
016227,valnegra,COMUNE DI VALNEGRA,2024,202,27,0.0,0.0,323581.47000000003,0.0,0.0,0.0,True,False
016229,valtorta,COMUNE DI VALTORTA,2024,236,31,0.0,0.0,471846.53,0.0,0.0,0.0,True,False
016230,vedeseta,COMUNE DI VEDESETA,2024,200,12,0.0,0.0,345410.69,0.0,0.0,0.0,True,False
016232,verdellino,COMUNE DI VERDELLINO,2024,7662,1325,6220.3,0.0,5210556.4,0.811837640302793,4.694566037735849,0.11937880568762291,False,False
016233,verdello,COMUNE DI VERDELLO,2024,8136,1301,0.0,0.0,4594060.029999999,0.0,0.0,0.0,True,False
016234,vertova,COMUNE DI VERTOVA,2024,4347,660,21367.0,0.0,3369178.76,4.915343915343915,32.374242424242425,0.6341901549919542,False,False
016235,viadanica,COMUNE DI VIADANICA,2024,1107,194,0.0,0.0,722149.01,0.0,0.0,0.0,True,False
016236,vigano san martino,COMUNE DI VIGANO SAN MARTINO,2024,1329,223,0.0,0.0,798503.7899999999,0.0,0.0,0.0,True,False
016237,vigolo,COMUNE DI VIGOLO,2024,571,92,0.0,0.0,530220.64,0.0,0.0,0.0,True,False
016238,villa d adda,COMUNE DI VILLA D'ADDA,2024,4607,664,0.0,0.0,2574991.18,0.0,0.0,0.0,True,False
016239,villa d alme,COMUNE DI VILLA D'ALME',2024,6471,1095,18193.35,0.0,3282919.56,2.8115206305053313,16.614931506849313,0.554182022053565,False,False
016240,villa di serio,COMUNE DI VILLA DI SERIO,2024,6579,1025,0.0,0.0,4223043.58,0.0,0.0,0.0,True,False
016241,villa d ogna,COMUNE DI VILLA D'OGNA,2024,1772,288,610.0,0.0,1564472.56,0.3442437923250564,2.1180555555555554,0.03899077654644195,False,False
016242,villongo,COMUNE DI VILLONGO,2024,8143,1482,0.0,0.0,4708291.55,0.0,0.0,0.0,True,False
016243,vilminore di scalve,COMUNE DI VILMINORE DI SCALVE,2024,1436,207,0.0,456399.87,1408003.47,0.0,0.0,0.0,True,False
016244,zandobbio,COMUNE DI ZANDOBBIO,2024,2690,444,5251.4,0.0,1461106.22,1.9521933085501857,11.827477477477476,0.3594126099880678,False,False
016245,zanica,COMUNE DI ZANICA,2024,8668,1303,26288.24,0.0,5959009.8,3.032791878172589,20.1751650038373,0.4411511456148302,False,False
016246,zogno,COMUNE DI ZOGNO,2024,8582,1384,3405.4,0.0,6494163.36,0.3968072710323934,2.460549132947977,0.05243785552077643,False,False
016247,costa serina,COMUNE DI COSTA SERINA,2024,894,99,0.0,0.0,1417407.22,0.0,0.0,0.0,True,False
016248,algua,COMUNE DI ALGUA,2024,685,89,0.0,0.0,567051.76,0.0,0.0,0.0,True,False
016249,cornalba,COMUNE DI CORNALBA,2024,297,21,0.0,0.0,420451.73,0.0,0.0,0.0,True,False
016250,medolago,COMUNE DI MEDOLAGO,2024,2350,376,0.0,0.0,1815800.37,0.0,0.0,0.0,True,False
016251,solza,COMUNE DI SOLZA,2024,1975,292,2700.0,0.0,1424913.3,1.3670886075949367,9.246575342465754,0.18948521288979478,False,False
016252,sant omobono terme,COMUNE DI SANT'OMOBONO TERME,2024,3899,633,1200.0,0.0,2809617.5,0.30777122339061297,1.8957345971563981,0.04271044012218745,False,False
016253,val brembilla,COMUNE DI VAL BREMBILLA,2024,4119,622,0.0,0.0,3462410.01,0.0,0.0,0.0,True,False
017001,acquafredda,COMUNE DI ACQUAFREDDA,2024,1550,276,0.0,0.0,1294383.01,0.0,0.0,0.0,True,False
017002,adro,COMUNE DI ADRO,2024,7151,1106,0.0,0.0,4820498.83,0.0,0.0,0.0,True,False
017003,agnosine,COMUNE DI AGNOSINE,2024,1638,257,0.0,0.0,1481867.75,0.0,0.0,0.0,True,False
017004,alfianello,COMUNE DI ALFIANELLO,2024,2281,337,0.0,0.0,1666413.88,0.0,0.0,0.0,True,False
017005,anfo,COMUNE DI ANFO,2024,438,54,0.0,0.0,858333.18,0.0,0.0,0.0,True,False
017006,angolo terme,COMUNE DI ANGOLO TERME,2024,2295,304,2000.0,0.0,1895270.95,0.8714596949891068,6.578947368421052,0.10552580885598442,False,False
017007,artogne,COMUNE DI ARTOGNE,2024,3621,534,0.0,0.0,3185250.75,0.0,0.0,0.0,True,False
017008,azzano mella,COMUNE DI AZZANO MELLA,2024,3498,603,1800.0,0.0,2238515.7,0.5145797598627787,2.985074626865672,0.0804104255333121,False,False
017009,bagnolo mella,COMUNE DI BAGNOLO MELLA,2024,12437,1898,63696.5,0.0,8949969.01,5.12153252392056,33.55979978925184,0.711695201724503,False,False
017010,bagolino,COMUNE DI BAGOLINO,2024,3781,526,0.0,0.0,3104012.94,0.0,0.0,0.0,True,False
017011,barbariga,COMUNE DI BARBARIGA,2024,2323,381,0.0,0.0,1672999.06,0.0,0.0,0.0,True,False
017012,barghe,COMUNE DI BARGHE,2024,1141,183,0.0,0.0,952081.73,0.0,0.0,0.0,True,False
017013,bassano bresciano,COMUNE DI BASSANO BRESCIANO,2024,2319,380,0.0,0.0,1541338.81,0.0,0.0,0.0,True,False
017014,bedizzole,COMUNE DI BEDIZZOLE,2024,12207,1907,0.0,0.0,8668543.07,0.0,0.0,0.0,True,False
017015,berlingo,COMUNE DI BERLINGO,2024,2738,459,5387.45,0.0,1899866.43,1.9676588750913075,11.737363834422657,0.2835699349664282,False,False
017016,berzo demo,COMUNE DI BERZO DEMO,2024,1482,216,0.0,0.0,1376836.73,0.0,0.0,0.0,True,False
017017,berzo inferiore,COMUNE DI BERZO INFERIORE,2024,2460,389,2802.71,0.0,1747289.98,1.1393130081300813,7.204910025706941,0.1604032548735843,False,False
017018,bienno,COMUNE DI BIENNO,2024,3756,497,1000.0,0.0,4207018.18,0.26624068157614483,2.0120724346076457,0.02376980457926141,False,False
017019,bione,COMUNE DI BIONE,2024,1299,201,0.0,0.0,1199041.34,0.0,0.0,0.0,True,False
017020,borgo san giacomo,COMUNE DI BORGO SAN GIACOMO,2024,5520,917,0.0,0.0,3269683.91,0.0,0.0,0.0,True,False
017021,borgosatollo,COMUNE DI BORGOSATOLLO,2024,9079,1370,0.0,0.0,5994413.83,0.0,0.0,0.0,True,False
017022,borno,COMUNE DI BORNO,2024,2440,326,0.0,0.0,3140012.44,0.0,0.0,0.0,True,False
017023,botticino,COMUNE DI BOTTICINO,2024,10722,1562,0.0,0.0,7624503.7,0.0,0.0,0.0,True,False
017024,bovegno,COMUNE DI BOVEGNO,2024,2003,276,0.0,0.0,1402739.46,0.0,0.0,0.0,True,False
017025,bovezzo,COMUNE DI BOVEZZO,2024,7319,1051,45693.76,0.0,5749967.58,6.243169831944255,43.47646051379639,0.794678567561593,False,False
017026,brandico,COMUNE DI BRANDICO,2024,1731,296,0.0,0.0,1131650.23,0.0,0.0,0.0,True,False
017027,braone,COMUNE DI BRAONE,2024,690,94,0.0,0.0,710837.9400000001,0.0,0.0,0.0,True,False
017028,breno,COMUNE DI BRENO,2024,4627,679,0.0,0.0,6595170.02,0.0,0.0,0.0,True,False
017029,brescia,COMUNE DI BRESCIA,2024,198259,30436,1183176.16,0.0,320751625.29,5.967830766825213,38.874233144959916,0.3688761230532376,False,False
017030,brione,COMUNE DI BRIONE,2024,750,101,0.0,0.0,543435.45,0.0,0.0,0.0,True,False
017031,caino,COMUNE DI CAINO,2024,2190,397,4039.04,0.0,1455909.22,1.844310502283105,10.173904282115869,0.2774238904813035,False,False
017032,calcinato,COMUNE DI CALCINATO,2024,13017,2274,0.0,0.0,11052081.52,0.0,0.0,0.0,True,False
017033,calvagese della riviera,COMUNE DI CALVAGESE DELLA RIVIERA,2024,3689,624,0.0,0.0,2766965.0300000003,0.0,0.0,0.0,True,False
017034,calvisano,COMUNE DI CALVISANO,2024,8380,1413,0.0,0.0,5132260.28,0.0,0.0,0.0,True,False
017035,capo di ponte,COMUNE DI CAPO DI PONTE,2024,2303,323,26785.0,217839.15,2028718.8,11.630481980026053,82.92569659442725,1.3202914075622507,False,False
017036,capovalle,COMUNE DI CAPOVALLE,2024,336,45,0.0,0.0,622214.46,0.0,0.0,0.0,True,False
017037,capriano del colle,COMUNE DI CAPRIANO DEL COLLE,2024,4814,729,0.0,0.0,3520195.38,0.0,0.0,0.0,True,False
017038,capriolo,COMUNE DI CAPRIOLO,2024,9379,1442,1000.0,0.0,6074630.89,0.10662117496534812,0.6934812760055479,0.016461905556207385,False,False
017039,carpenedolo,COMUNE DI CARPENEDOLO,2024,12986,2086,15478.46,0.0,8755674.11,1.1919343908824889,7.420162991371044,0.17678204791018656,False,False
017040,castegnato,COMUNE DI CASTEGNATO,2024,8372,1442,0.0,0.0,8855707.28,0.0,0.0,0.0,True,False
017041,castelcovati,COMUNE DI CASTELCOVATI,2024,6929,1276,0.0,0.0,3159869.58,0.0,0.0,0.0,True,False
017042,castel mella,COMUNE DI CASTEL MELLA,2024,10886,1788,10300.0,0.0,6880699.1,0.9461693918794782,5.760626398210291,0.14969409140417142,False,False
017043,castenedolo,COMUNE DI CASTENEDOLO,2024,11709,1888,59310.32,0.0,9868835.1,5.065361687590742,31.41436440677966,0.6009860272161199,False,False
017044,casto,COMUNE DI CASTO,2024,1638,288,16908.66,0.0,1749380.32,10.322747252747252,58.710625,0.9665514014699789,False,False
017045,castrezzato,COMUNE DI CASTREZZATO,2024,7713,1199,6363.89,0.0,4453235.62,0.8250862180733827,5.307664720600501,0.14290485712049522,False,False
017046,cazzago san martino,COMUNE DI CAZZAGO SAN MARTINO,2024,10796,1686,1747.68,0.0,7418770.63,0.161882178584661,1.0365836298932385,0.023557541905025847,False,False
017047,cedegolo,COMUNE DI CEDEGOLO,2024,1109,137,2170.0,0.0,1321219.75,1.956717763751127,15.83941605839416,0.16424217091819887,False,False
017048,cellatica,COMUNE DI CELLATICA,2024,4845,751,15989.0,0.0,4764919.59,3.3001031991744068,21.29027962716378,0.3355565544811219,False,False
017049,cerveno,COMUNE DI CERVENO,2024,693,112,669.61,0.0,717277.17,0.9662481962481962,5.978660714285715,0.09335442810761703,False,False
017050,ceto,COMUNE DI CETO,2024,1768,280,0.0,0.0,1611948.19,0.0,0.0,0.0,True,False
017051,cevo,COMUNE DI CEVO,2024,802,68,0.0,0.0,1619818.71,0.0,0.0,0.0,True,False
017052,chiari,COMUNE DI CHIARI,2024,19347,3113,88541.18,0.0,15932591.89,4.576481108182147,28.442396402184386,0.5557236425265644,False,False
017053,cigole,COMUNE DI CIGOLE,2024,1485,221,0.0,0.0,1220128.72,0.0,0.0,0.0,True,False
017054,cimbergo,COMUNE DI CIMBERGO,2024,535,59,0.0,0.0,589075.02,0.0,0.0,0.0,True,False
017055,cividate camuno,COMUNE DI CIVIDATE CAMUNO,2024,2677,414,0.0,0.0,3484163.01,0.0,0.0,0.0,True,False
017056,coccaglio,COMUNE DI COCCAGLIO,2024,8827,1473,45072.19,0.0,6038557.36,5.10617310524527,30.59890699253225,0.7464065887419176,False,False
017057,collebeato,COMUNE DI COLLEBEATO,2024,4436,668,62666.86,0.0,3763719.92,14.126884580703337,93.81266467065868,1.6650245324312019,False,False
017058,collio,COMUNE DI COLLIO,2024,1994,305,0.0,0.0,1110486.74,0.0,0.0,0.0,True,False
017059,cologne,COMUNE DI COLOGNE,2024,7607,1218,0.0,0.0,4659493.91,0.0,0.0,0.0,True,False
017060,comezzano cizzago,COMUNE DI COMEZZANO-CIZZAGO,2024,4150,747,9594.64,0.0,2357660.2800000003,2.3119614457831323,12.844230254350736,0.4069560013116053,False,False
017061,concesio,COMUNE DI CONCESIO,2024,15661,2324,92137.17,0.0,10594475.4,5.883223932060533,39.645942340791734,0.8696718480275105,False,False
017062,corte franca,COMUNE DI CORTE FRANCA,2024,7176,1097,0.0,0.0,5706743.08,0.0,0.0,0.0,True,False
017063,corteno golgi,COMUNE DI CORTENO GOLGI,2024,1908,272,0.0,0.0,3548607.14,0.0,0.0,0.0,True,False
017064,corzano,COMUNE DI CORZANO,2024,1440,213,0.0,0.0,1297976.81,0.0,0.0,0.0,True,False
017065,darfo boario terme,COMUNE DI DARFO BOARIO TERME,2024,15748,2547,8017.97,0.0,12137449.65,0.5091421132842265,3.1480054966627407,0.0660597591026876,False,False
017066,dello,COMUNE DI DELLO,2024,5656,911,0.0,0.0,3453530.29,0.0,0.0,0.0,True,False
017067,desenzano del garda,COMUNE DI DESENZANO DEL GARDA,2024,29255,4227,182471.52,0.0,36819598.71,6.237276363014869,43.168090844570614,0.49558258751593,False,False
017068,edolo,COMUNE DI EDOLO,2024,4386,579,4986.4,0.0,5672292.83,1.1368901048791609,8.61208981001727,0.08790801443866923,False,False
017069,erbusco,COMUNE DI ERBUSCO,2024,8770,1332,0.0,0.0,6207330.62,0.0,0.0,0.0,True,False
017070,esine,COMUNE DI ESINE,2024,5058,848,0.0,0.0,3909956.25,0.0,0.0,0.0,True,False
017071,fiesse,COMUNE DI FIESSE,2024,2022,306,0.0,0.0,1449313.71,0.0,0.0,0.0,True,False
017072,flero,COMUNE DI FLERO,2024,8744,1293,6500.0,0.0,6581507.39,0.7433668801463861,5.02706883217324,0.09876156957410936,False,False
017073,gambara,COMUNE DI GAMBARA,2024,4567,711,0.0,0.0,3219999.17,0.0,0.0,0.0,True,False
017074,gardone riviera,COMUNE DI GARDONE RIVIERA,2024,2617,376,0.0,0.0,6546551.890000001,0.0,0.0,0.0,True,False
017075,gardone val trompia,COMUNE DI GARDONE VAL TROMPIA,2024,11396,1875,2606.7,0.0,9949803.65,0.22873815373815373,1.39024,0.02619850694239579,False,False
017076,gargnano,COMUNE DI GARGNANO,2024,2668,314,0.0,0.0,5001833.87,0.0,0.0,0.0,True,False
017077,gavardo,COMUNE DI GAVARDO,2024,12332,1996,0.0,0.0,8928240.8,0.0,0.0,0.0,True,False
017078,ghedi,COMUNE DI GHEDI,2024,18473,3191,0.0,0.0,8976757.22,0.0,0.0,0.0,True,False
017079,gianico,COMUNE DI GIANICO,2024,2110,336,8996.12,0.0,1828301.54,4.263563981042655,26.77416666666667,0.4920479364689482,False,False
017080,gottolengo,COMUNE DI GOTTOLENGO,2024,5020,797,0.0,0.0,3650250.13,0.0,0.0,0.0,True,False
017081,gussago,COMUNE DI GUSSAGO,2024,16601,2637,0.0,0.0,12188902.22,0.0,0.0,0.0,True,False
017082,idro,COMUNE DI IDRO,2024,1871,278,14868.0,0.0,2148014.74,7.946552645644041,53.48201438848921,0.6921740211149574,False,False
017083,incudine,COMUNE DI INCUDINE,2024,346,37,0.0,0.0,444172.49,0.0,0.0,0.0,True,False
017084,irma,COMUNE DI IRMA,2024,129,21,0.0,0.0,266852.75,0.0,0.0,0.0,True,False
017085,iseo,COMUNE DI ISEO,2024,8967,1220,14448.37,0.0,12109933.77,1.6112824802051968,11.842926229508198,0.11931006621847116,False,False
017086,isorella,COMUNE DI ISORELLA,2024,4072,681,26003.93,0.0,2729226.59,6.386033889980354,38.18491923641703,0.9527948355508291,False,False
017087,lavenone,COMUNE DI LAVENONE,2024,496,61,0.0,0.0,909657.48,0.0,0.0,0.0,True,False
017088,leno,COMUNE DI LENO,2024,14405,2305,0.0,6500.0,9999521.0,0.0,0.0,0.0,True,False
017089,limone sul garda,COMUNE DI LIMONE SUL GARDA,2024,1108,175,0.0,0.0,7668210.12,0.0,0.0,0.0,True,False
017090,lodrino,COMUNE DI LODRINO,2024,1636,280,0.0,0.0,1298061.05,0.0,0.0,0.0,True,False
017091,lograto,COMUNE DI LOGRATO,2024,3798,622,0.0,0.0,2612738.21,0.0,0.0,0.0,True,False
017092,lonato del garda,COMUNE DI LONATO DEL GARDA,2024,16974,2732,0.0,0.0,16502419.46,0.0,0.0,0.0,True,False
017093,longhena,COMUNE DI LONGHENA,2024,563,69,0.0,0.0,540661.57,0.0,0.0,0.0,True,False
017094,losine,COMUNE DI LOSINE,2024,626,98,0.0,0.0,526394.1799999999,0.0,0.0,0.0,True,False
017095,lozio,COMUNE DI LOZIO,2024,356,43,0.0,0.0,607643.75,0.0,0.0,0.0,True,False
017096,lumezzane,COMUNE DI LUMEZZANE,2024,21556,3410,0.0,0.0,13768414.33,0.0,0.0,0.0,True,False
017097,maclodio,COMUNE DI MACLODIO,2024,1503,257,0.0,0.0,1596759.5,0.0,0.0,0.0,True,False
017098,magasa,COMUNE DI MAGASA,2024,102,6,0.0,0.0,250683.18,0.0,0.0,0.0,True,False
017099,mairano,COMUNE DI MAIRANO,2024,3477,558,0.0,0.0,2187224.62,0.0,0.0,0.0,True,False
017100,malegno,COMUNE DI MALEGNO,2024,1926,263,0.0,0.0,1910434.03,0.0,0.0,0.0,True,False
017101,malonno,COMUNE DI MALONNO,2024,2978,406,0.0,13610.39,2339989.45,0.0,0.0,0.0,True,False
017102,manerba del garda,COMUNE DI MANERBA DEL GARDA,2024,5368,779,0.0,0.0,8744435.01,0.0,0.0,0.0,True,False
017103,manerbio,COMUNE DI MANERBIO,2024,13448,2127,85280.7,0.0,10732587.41,6.341515466983938,40.09435825105783,0.7945959044371761,False,False
017104,marcheno,COMUNE DI MARCHENO,2024,4163,649,0.0,0.0,2962479.48,0.0,0.0,0.0,True,False
017105,marmentino,COMUNE DI MARMENTINO,2024,655,93,0.0,0.0,605052.86,0.0,0.0,0.0,True,False
017106,marone,COMUNE DI MARONE,2024,3099,442,0.0,0.0,2514069.35,0.0,0.0,0.0,True,False
017107,mazzano,COMUNE DI MAZZANO,2024,12682,2002,0.0,0.0,11625907.35,0.0,0.0,0.0,True,False
017108,milzano,COMUNE DI MILZANO,2024,1726,281,0.0,0.0,1317974.37,0.0,0.0,0.0,True,False
017109,moniga del garda,COMUNE DI MONIGA DEL GARDA,2024,2646,314,0.0,0.0,3577605.7,0.0,0.0,0.0,True,False
017110,monno,COMUNE DI MONNO,2024,516,64,0.0,0.0,822278.6900000001,0.0,0.0,0.0,True,False
017111,monte isola,COMUNE DI MONTE ISOLA,2024,1611,259,0.0,0.0,2524827.79,0.0,0.0,0.0,True,False
017112,monticelli brusati,COMUNE DI MONTICELLI BRUSATI,2024,4598,681,18297.83,0.0,2820391.92,3.9795193562418447,26.86906020558003,0.648769054763141,False,False
017113,montichiari,COMUNE DI MONTICHIARI,2024,26170,4340,0.0,0.0,15860429.18,0.0,0.0,0.0,True,False
017114,montirone,COMUNE DI MONTIRONE,2024,5063,870,0.0,0.0,3369471.22,0.0,0.0,0.0,True,False
017115,mura,COMUNE DI MURA,2024,779,144,1502.45,0.0,566007.12,1.9286906290115533,10.433680555555556,0.26544719084099155,False,False
017116,muscoline,COMUNE DI MUSCOLINE,2024,2692,417,0.0,0.0,1830960.09,0.0,0.0,0.0,True,False
017117,nave,COMUNE DI NAVE,2024,10615,1677,0.0,0.0,7368120.49,0.0,0.0,0.0,True,False
017118,niardo,COMUNE DI NIARDO,2024,1964,325,0.0,0.0,1425427.39,0.0,0.0,0.0,True,False
017119,nuvolento,COMUNE DI NUVOLENTO,2024,3900,563,0.0,0.0,3795602.83,0.0,0.0,0.0,True,False
017120,nuvolera,COMUNE DI NUVOLERA,2024,4759,783,0.0,0.0,4375976.44,0.0,0.0,0.0,True,False
017121,odolo,COMUNE DI ODOLO,2024,1888,331,0.0,0.0,1359763.71,0.0,0.0,0.0,True,False
017122,offlaga,COMUNE DI OFFLAGA,2024,4117,665,0.0,0.0,2599755.82,0.0,0.0,0.0,True,False
017123,ome,COMUNE DI OME,2024,3151,482,0.0,0.0,2510277.38,0.0,0.0,0.0,True,False
017124,ono san pietro,COMUNE DI ONO SAN PIETRO,2024,953,147,11873.69,0.0,759005.92,12.459275970619098,80.77340136054423,1.5643738325519252,False,False
017125,orzinuovi,COMUNE DI ORZINUOVI,2024,12425,2033,5100.0,0.0,10880696.89,0.4104627766599598,2.5086079685194296,0.046871997736534686,False,False
017126,orzivecchi,COMUNE DI ORZIVECCHI,2024,2506,432,0.0,0.0,1786899.29,0.0,0.0,0.0,True,False
017127,ospitaletto,COMUNE DI OSPITALETTO,2024,14854,2509,39704.7,0.0,12119764.34,2.6729971724787935,15.824910322837782,0.32760290452974267,False,False
017128,ossimo,COMUNE DI OSSIMO,2024,1442,183,0.0,0.0,1207462.46,0.0,0.0,0.0,True,False
017129,padenghe sul garda,COMUNE DI PADENGHE SUL GARDA,2024,4871,642,0.0,0.0,5911830.180000001,0.0,0.0,0.0,True,False
017130,paderno franciacorta,COMUNE DI PADERNO FRANCIACORTA,2024,3673,595,0.0,0.0,2560350.3,0.0,0.0,0.0,True,False
017131,paisco loveno,COMUNE DI PAISCO LOVENO,2024,167,11,0.0,0.0,446971.44,0.0,0.0,0.0,True,False
017132,paitone,COMUNE DI PAITONE,2024,2192,339,0.0,0.0,2057063.22,0.0,0.0,0.0,True,False
017133,palazzolo sull oglio,COMUNE DI PALAZZOLO SULL'OGLIO,2024,20219,3304,20232.0,0.0,18850489.34,1.0006429595924626,6.123486682808717,0.10732877876580364,False,False
017134,paratico,COMUNE DI PARATICO,2024,4987,733,0.0,0.0,4466378.7,0.0,0.0,0.0,True,False
017135,paspardo,COMUNE DI PASPARDO,2024,571,62,571.0,0.0,744187.2,1.0,9.209677419354838,0.0767280060715906,False,False
017136,passirano,COMUNE DI PASSIRANO,2024,6876,1056,0.0,0.0,5743354.66,0.0,0.0,0.0,True,False
017137,pavone del mella,COMUNE DI PAVONE DEL MELLA,2024,2723,426,0.0,0.0,1995838.76,0.0,0.0,0.0,True,False
017138,san paolo,COMUNE DI SAN PAOLO,2024,4418,726,0.0,0.0,2450963.13,0.0,0.0,0.0,True,False
017139,pertica alta,COMUNE DI PERTICA ALTA,2024,553,78,0.0,0.0,863311.39,0.0,0.0,0.0,True,False
017140,pertica bassa,COMUNE DI PERTICA BASSA,2024,571,70,0.0,0.0,686951.27,0.0,0.0,0.0,True,False
017141,pezzaze,COMUNE DI PEZZAZE,2024,1452,203,0.0,0.0,1043910.95,0.0,0.0,0.0,True,False
017142,pian camuno,COMUNE DI PIAN CAMUNO,2024,4766,720,0.0,0.0,4889170.06,0.0,0.0,0.0,True,False
017143,pisogne,COMUNE DI PISOGNE,2024,7894,1136,0.0,0.0,5531947.19,0.0,0.0,0.0,True,False
017144,polaveno,COMUNE DI POLAVENO,2024,2477,367,0.0,0.0,1591104.85,0.0,0.0,0.0,True,False
017145,polpenazze del garda,COMUNE DI POLPENAZZE DEL GARDA,2024,2736,369,8535.66,0.0,2339596.67,3.1197587719298245,23.131869918699188,0.3648346789619939,False,False
017146,pompiano,COMUNE DI POMPIANO,2024,3703,563,24218.4,0.0,2330272.84,6.540210640021605,43.01669626998224,1.039294608952315,False,False
017147,poncarale,COMUNE DI PONCARALE,2024,5184,863,0.0,0.0,3755778.33,0.0,0.0,0.0,True,False
017148,ponte di legno,COMUNE DI PONTE DI LEGNO,2024,1751,235,0.0,0.0,8202655.57,0.0,0.0,0.0,True,False
017149,pontevico,COMUNE DI PONTEVICO,2024,7019,1003,0.0,0.0,4618599.86,0.0,0.0,0.0,True,False
017150,pontoglio,COMUNE DI PONTOGLIO,2024,6999,1193,0.0,0.0,4045190.78,0.0,0.0,0.0,True,False
017151,pozzolengo,COMUNE DI POZZOLENGO,2024,3579,550,0.0,0.0,3413865.73,0.0,0.0,0.0,True,False
017152,pralboino,COMUNE DI PRALBOINO,2024,2813,412,0.0,0.0,2145880.42,0.0,0.0,0.0,True,False
017153,preseglie,COMUNE DI PRESEGLIE,2024,1460,233,0.0,44122.69,1353028.31,0.0,0.0,0.0,True,False
017155,prevalle,COMUNE DI PREVALLE,2024,6872,1214,0.0,0.0,3973307.16,0.0,0.0,0.0,True,False
017156,provaglio d iseo,COMUNE DI PROVAGLIO D'ISEO,2024,7088,1137,0.0,0.0,4589935.17,0.0,0.0,0.0,True,False
017157,provaglio val sabbia,COMUNE DI PROVAGLIO VAL SABBIA,2024,860,132,5854.7,0.0,745191.56,6.8077906976744185,44.35378787878788,0.7856637560414665,False,False
017158,puegnago del garda,COMUNE DI PUEGNAGO DEL GARDA,2024,3465,531,0.0,0.0,2657614.35,0.0,0.0,0.0,True,False
017159,quinzano d oglio,COMUNE DI QUINZANO D'OGLIO,2024,6240,948,0.0,0.0,4050965.31,0.0,0.0,0.0,True,False
017160,remedello,COMUNE DI REMEDELLO,2024,3425,559,0.0,0.0,2375039.47,0.0,0.0,0.0,True,False
017161,rezzato,COMUNE DI REZZATO,2024,13472,2084,0.0,0.0,12063385.55,0.0,0.0,0.0,True,False
017162,roccafranca,COMUNE DI ROCCAFRANCA,2024,4905,822,0.0,0.0,3093996.87,0.0,0.0,0.0,True,False
017163,rodengo saiano,COMUNE DI RODENGO-SAIANO,2024,9917,1586,0.0,0.0,7206701.25,0.0,0.0,0.0,True,False
017164,roe volciano,COMUNE DI ROE' VOLCIANO,2024,4327,681,0.0,0.0,3594497.57,0.0,0.0,0.0,True,False
017165,roncadelle,COMUNE DI RONCADELLE,2024,9296,1596,0.0,0.0,7882970.66,0.0,0.0,0.0,True,False
017166,rovato,COMUNE DI ROVATO,2024,19417,3202,30742.34,0.0,14580241.32,1.5832693000978524,9.600980637101811,0.21084932221135552,False,False
017167,rudiano,COMUNE DI RUDIANO,2024,5921,1048,18289.68,0.0,4097175.95,3.0889511906772507,17.451984732824428,0.4463972312441207,False,False
017168,sabbio chiese,COMUNE DI SABBIO CHIESE,2024,4043,638,0.0,0.0,4844856.48,0.0,0.0,0.0,True,False
017169,sale marasino,COMUNE DI SALE MARASINO,2024,3278,481,0.0,0.0,2730027.13,0.0,0.0,0.0,True,False
017170,salo,COMUNE DI SALO',2024,10385,1453,0.0,0.0,14226099.13,0.0,0.0,0.0,True,False
017171,san felice del benaco,COMUNE DI SAN FELICE DEL BENACO,2024,3447,489,0.0,0.0,5601197.47,0.0,0.0,0.0,True,False
017172,san gervasio bresciano,COMUNE DI SAN GERVASIO BRESCIANO,2024,2659,396,0.0,0.0,2087396.47,0.0,0.0,0.0,True,False
017173,san zeno naviglio,COMUNE DI SAN ZENO NAVIGLIO,2024,4694,708,0.0,0.0,3796123.41,0.0,0.0,0.0,True,False
017174,sarezzo,COMUNE DI SAREZZO,2024,13224,2237,43037.12,0.0,13259853.83,3.2544706594071386,19.23876620473849,0.3245670770716181,False,False
017175,saviore dell adamello,COMUNE DI SAVIORE DELL'ADAMELLO,2024,784,82,0.0,0.0,2004637.22,0.0,0.0,0.0,True,False
017176,sellero,COMUNE DI SELLERO,2024,1370,200,1743.68,0.0,1409392.73,1.2727591240875913,8.7184,0.12371853230717317,False,False
017177,seniga,COMUNE DI SENIGA,2024,1425,226,0.0,0.0,1218710.73,0.0,0.0,0.0,True,False
017178,serle,COMUNE DI SERLE,2024,3085,453,0.0,0.0,2351805.42,0.0,0.0,0.0,True,False
017179,sirmione,COMUNE DI SIRMIONE,2024,8290,1139,444888.8,0.0,22715072.27,53.665717732207476,390.59596136962244,1.958562115549897,False,False
017180,soiano del lago,COMUNE DI SOIANO DEL LAGO,2024,1929,253,0.0,0.0,2331757.99,0.0,0.0,0.0,True,False
017181,sonico,COMUNE DI SONICO,2024,1189,136,0.0,0.0,1525409.92,0.0,0.0,0.0,True,False
017182,sulzano,COMUNE DI SULZANO,2024,1936,266,0.0,0.0,1999921.45,0.0,0.0,0.0,True,False
017183,tavernole sul mella,COMUNE DI TAVERNOLE SUL MELLA,2024,1204,181,0.0,0.0,1072757.79,0.0,0.0,0.0,True,False
017184,temu,COMUNE DI TEMU',2024,1141,150,0.0,0.0,3341277.27,0.0,0.0,0.0,True,False
017185,tignale,COMUNE DI TIGNALE,2024,1158,176,0.0,0.0,2426442.04,0.0,0.0,0.0,True,False
017186,torbole casaglia,COMUNE DI TORBOLE CASAGLIA,2024,6449,1101,0.0,0.0,4490315.58,0.0,0.0,0.0,True,False
017187,toscolano maderno,COMUNE DI TOSCOLANO-MADERNO,2024,7661,1076,0.0,0.0,11904142.43,0.0,0.0,0.0,True,False
017188,travagliato,COMUNE DI TRAVAGLIATO,2024,13840,2257,0.0,0.0,8089486.56,0.0,0.0,0.0,True,False
017189,tremosine sul garda,COMUNE DI TREMOSINE SUL GARDA,2024,2088,303,1976.0,0.0,3357174.46,0.946360153256705,6.521452145214521,0.058859020391808896,False,False
017190,trenzano,COMUNE DI TRENZANO,2024,5512,866,0.0,0.0,3044560.5700000003,0.0,0.0,0.0,True,False
017191,treviso bresciano,COMUNE DI TREVISO BRESCIANO,2024,524,84,0.0,0.0,758866.46,0.0,0.0,0.0,True,False
017192,urago d oglio,COMUNE DI URAGO D'OGLIO,2024,3782,636,0.0,0.0,2692838.41,0.0,0.0,0.0,True,False
017193,vallio terme,COMUNE DI VALLIO TERME,2024,1408,193,0.0,0.0,956968.64,0.0,0.0,0.0,True,False
017194,valvestino,COMUNE DI VALVESTINO,2024,162,15,0.0,0.0,353913.11,0.0,0.0,0.0,True,False
017195,verolanuova,COMUNE DI VEROLANUOVA,2024,8074,1186,25318.28,0.0,5809844.2,3.1357790438444386,21.347622259696458,0.43578242597279976,False,False
017196,verolavecchia,COMUNE DI VEROLAVECCHIA,2024,3808,514,0.0,0.0,2436998.85,0.0,0.0,0.0,True,False
017197,vestone,COMUNE DI VESTONE,2024,4116,712,0.0,0.0,4074514.16,0.0,0.0,0.0,True,False
017198,vezza d oglio,COMUNE DI VEZZA D'OGLIO,2024,1480,214,0.0,0.0,2535970.81,0.0,0.0,0.0,True,False
017199,villa carcina,COMUNE DI VILLA CARCINA,2024,10700,1568,3122.2,0.0,7894619.07,0.2917943925233645,1.9911989795918366,0.039548456642633165,False,False
017200,villachiara,COMUNE DI VILLACHIARA,2024,1369,215,21842.0,902.8,959310.27,15.954711468224982,101.5906976744186,2.2768441747214903,False,False
017201,villanuova sul clisi,COMUNE DI VILLANUOVA SUL CLISI,2024,5856,898,0.0,0.0,4676596.19,0.0,0.0,0.0,True,False
017202,vione,COMUNE DI VIONE,2024,628,64,0.0,0.0,1457327.13,0.0,0.0,0.0,True,False
017203,visano,COMUNE DI VISANO,2024,1976,334,0.0,0.0,1485577.24,0.0,0.0,0.0,True,False
017204,vobarno,COMUNE DI VOBARNO,2024,8369,1362,488.0,0.0,5860120.32,0.05831043135380571,0.35829662261380324,0.00832747406797272,False,False
017205,zone,COMUNE DI ZONE,2024,1025,147,0.0,0.0,1029422.26,0.0,0.0,0.0,True,False
017206,piancogno,COMUNE DI PIANCOGNO,2024,4774,751,0.0,0.0,3179845.07,0.0,0.0,0.0,True,False
018001,alagna,COMUNE DI ALAGNA,2024,803,104,0.0,0.0,591228.41,0.0,0.0,0.0,True,False
018003,albonese,COMUNE DI ALBONESE,2024,545,64,0.0,0.0,556490.76,0.0,0.0,0.0,True,False
018004,albuzzano,COMUNE DI ALBUZZANO,2024,3624,535,0.0,0.0,2003185.52,0.0,0.0,0.0,True,False
018005,arena po,COMUNE DI ARENA PO,2024,1501,191,0.0,0.0,1321200.15,0.0,0.0,0.0,True,False
018006,badia pavese,COMUNE DI BADIA PAVESE,2024,409,47,0.0,0.0,402796.55,0.0,0.0,0.0,True,False
018007,bagnaria,COMUNE DI BAGNARIA,2024,626,76,0.0,0.0,632978.91,0.0,0.0,0.0,True,False
018008,barbianello,COMUNE DI BARBIANELLO,2024,883,138,0.0,0.0,678382.13,0.0,0.0,0.0,True,False
018009,bascape,COMUNE DI BASCAPE',2024,1797,236,0.0,0.0,1137890.73,0.0,0.0,0.0,True,False
018011,bastida pancarana,COMUNE DI BASTIDA PANCARANA,2024,943,117,0.0,34042.07,681209.69,0.0,0.0,0.0,True,False
018012,battuda,COMUNE DI BATTUDA,2024,669,84,0.0,0.0,385125.76,0.0,0.0,0.0,True,False
018013,belgioioso,COMUNE DI BELGIOIOSO,2024,6400,945,0.0,0.0,4930524.39,0.0,0.0,0.0,True,False
018014,bereguardo,COMUNE DI BEREGUARDO,2024,2880,399,0.0,0.0,1743687.68,0.0,0.0,0.0,True,False
018015,borgarello,COMUNE DI BORGARELLO,2024,2710,455,0.0,0.0,1721419.89,0.0,0.0,0.0,True,False
018016,borgo priolo,COMUNE DI BORGO PRIOLO,2024,1253,132,0.0,0.0,999390.25,0.0,0.0,0.0,True,False
018017,borgoratto mormorolo,COMUNE DI BORGORATTO MORMOROLO,2024,398,39,0.0,0.0,397846.28,0.0,0.0,0.0,True,False
018018,borgo san siro,COMUNE DI BORGO SAN SIRO,2024,958,136,0.0,0.0,892244.37,0.0,0.0,0.0,True,False
018019,bornasco,COMUNE DI BORNASCO,2024,2672,439,2600.0,0.0,1631228.25,0.9730538922155688,5.922551252847381,0.15938909836805487,False,False
018020,bosnasco,COMUNE DI BOSNASCO,2024,638,82,0.0,15237.8,528697.42,0.0,0.0,0.0,True,False
018021,brallo di pregola,COMUNE DI BRALLO DI PREGOLA,2024,476,22,0.0,0.0,727407.15,0.0,0.0,0.0,True,False
018022,breme,COMUNE DI BREME,2024,706,95,0.0,0.0,721271.66,0.0,0.0,0.0,True,False
018023,bressana bottarone,COMUNE DI BRESSANA BOTTARONE,2024,3434,469,0.0,0.0,2756727.14,0.0,0.0,0.0,True,False
018024,broni,COMUNE DI BRONI,2024,9772,1413,20376.0,0.0,10057284.94,2.0851412198117067,14.420382165605096,0.20259941049258967,False,False
018025,calvignano,COMUNE DI CALVIGNANO,2024,108,11,0.0,0.0,240321.94,0.0,0.0,0.0,True,False
018026,campospinoso albaredo,COMUNE DI CAMPOSPINOSO ALBAREDO,2024,1349,148,0.0,0.0,980629.43,0.0,0.0,0.0,True,False
018027,candia lomellina,COMUNE DI CANDIA LOMELLINA,2024,1480,221,0.0,0.0,1306196.04,0.0,0.0,0.0,True,False
018029,canneto pavese,COMUNE DI CANNETO PAVESE,2024,1288,143,0.0,0.0,903210.91,0.0,0.0,0.0,True,False
018030,carbonara al ticino,COMUNE DI CARBONARA AL TICINO,2024,1433,195,0.0,0.0,878392.9400000001,0.0,0.0,0.0,True,False
018031,casanova lonati,COMUNE DI CASANOVA LONATI,2024,463,71,0.0,0.0,373975.39,0.0,0.0,0.0,True,False
018032,casatisma,COMUNE DI CASATISMA,2024,852,96,0.0,0.0,767788.77,0.0,0.0,0.0,True,False
018033,casei gerola,COMUNE DI CASEI GEROLA,2024,2295,280,0.0,0.0,2269823.42,0.0,0.0,0.0,True,False
018034,casorate primo,COMUNE DI CASORATE PRIMO,2024,9039,1379,6398.13,0.0,6055420.71,0.707836043810156,4.639688179840464,0.10565954549506439,False,False
018035,cassolnovo,COMUNE DI CASSOLNOVO,2024,6750,884,0.0,0.0,3632944.72,0.0,0.0,0.0,True,False
018036,castana,COMUNE DI CASTANA,2024,717,75,0.0,0.0,521886.03,0.0,0.0,0.0,True,False
018037,casteggio,COMUNE DI CASTEGGIO,2024,6461,814,0.0,0.0,5649258.0200000005,0.0,0.0,0.0,True,False
018038,castelletto di branduzzo,COMUNE DI CASTELLETTO DI BRANDUZZO,2024,989,121,0.0,0.0,889772.51,0.0,0.0,0.0,True,False
018039,castello d agogna,COMUNE DI CASTELLO D'AGOGNA,2024,1056,151,0.0,0.0,842038.72,0.0,0.0,0.0,True,False
018040,castelnovetto,COMUNE DI CASTELNOVETTO,2024,504,60,0.0,0.0,555673.88,0.0,0.0,0.0,True,False
018041,cava manara,COMUNE DI CAVA MANARA,2024,6677,911,11720.24,0.0,4153167.25,1.7553152613449154,12.865246981339187,0.28220004864961795,False,False
018042,cecima,COMUNE DI CECIMA,2024,249,18,499.06,0.0,319432.76,2.0042570281124497,27.725555555555555,0.15623319286349965,False,False
018043,ceranova,COMUNE DI CERANOVA,2024,2295,385,0.0,0.0,1375504.11,0.0,0.0,0.0,True,False
018044,ceretto lomellina,COMUNE DI CERETTO LOMELLINA,2024,191,21,0.0,0.0,176067.02,0.0,0.0,0.0,True,False
018045,cergnago,COMUNE DI CERGNAGO,2024,672,77,0.0,0.0,489540.45,0.0,0.0,0.0,True,False
018046,certosa di pavia,COMUNE DI CERTOSA DI PAVIA,2024,5517,782,0.0,0.0,3280496.31,0.0,0.0,0.0,True,False
018047,cervesina,COMUNE DI CERVESINA,2024,1122,139,0.0,0.0,1173710.14,0.0,0.0,0.0,True,False
018048,chignolo po,COMUNE DI CHIGNOLO PO,2024,3992,621,0.0,0.0,2402143.94,0.0,0.0,0.0,True,False
018049,cigognola,COMUNE DI CIGOGNOLA,2024,1294,154,0.0,0.0,1027960.7,0.0,0.0,0.0,True,False
018050,cilavegna,COMUNE DI CILAVEGNA,2024,5341,783,8434.43,0.0,4540359.9,1.5791855457779442,10.771941251596424,0.185765670250061,False,False
018051,codevilla,COMUNE DI CODEVILLA,2024,921,120,0.0,0.0,1057521.94,0.0,0.0,0.0,True,False
018052,confienza,COMUNE DI CONFIENZA,2024,1560,202,0.0,0.0,993566.26,0.0,0.0,0.0,True,False
018053,copiano,COMUNE DI COPIANO,2024,1727,241,0.0,0.0,1072422.48,0.0,0.0,0.0,True,False
018054,corana,COMUNE DI CORANA,2024,754,76,684.0,0.0,603640.59,0.9071618037135278,9.0,0.11331245965417933,False,False
018057,corvino san quirico,COMUNE DI CORVINO SAN QUIRICO,2024,955,102,0.0,0.0,650081.39,0.0,0.0,0.0,True,False
018058,costa de nobili,COMUNE DI COSTA DE' NOBILI,2024,356,43,0.0,0.0,349071.24,0.0,0.0,0.0,True,False
018059,cozzo,COMUNE DI COZZO,2024,344,50,0.0,0.0,423329.2,0.0,0.0,0.0,True,False
018060,cura carpignano,COMUNE DI CURA CARPIGNANO,2024,5038,832,0.0,0.0,2946928.3200000003,0.0,0.0,0.0,True,False
018061,dorno,COMUNE DI DORNO,2024,4582,635,0.0,0.0,3089242.73,0.0,0.0,0.0,True,False
018062,ferrera erbognone,COMUNE DI FERRERA ERBOGNONE,2024,1064,145,0.0,0.0,5449390.87,0.0,0.0,0.0,True,False
018063,filighera,COMUNE DI FILIGHERA,2024,823,101,0.0,0.0,570985.1900000001,0.0,0.0,0.0,True,False
018064,fortunago,COMUNE DI FORTUNAGO,2024,359,39,0.0,0.0,386287.32,0.0,0.0,0.0,True,False
018065,frascarolo,COMUNE DI FRASCAROLO,2024,1098,132,0.0,0.0,873766.62,0.0,0.0,0.0,True,False
018066,galliavola,COMUNE DI GALLIAVOLA,2024,162,14,0.0,0.0,225539.9,0.0,0.0,0.0,True,False
018067,gambarana,COMUNE DI GAMBARANA,2024,193,16,0.0,0.0,297894.96,0.0,0.0,0.0,True,False
018068,gambolo,COMUNE DI GAMBOLO',2024,9730,1489,7138.35,0.0,6719477.03,0.7336433710174718,4.794056413700471,0.10623371384603127,False,False
018069,garlasco,COMUNE DI GARLASCO,2024,9574,1330,0.0,0.0,8551150.51,0.0,0.0,0.0,True,False
018071,gerenzago,COMUNE DI GERENZAGO,2024,1434,226,0.0,0.0,879919.1,0.0,0.0,0.0,True,False
018072,giussago,COMUNE DI GIUSSAGO,2024,5343,742,1000.0,0.0,3752644.74,0.18716077110237694,1.3477088948787062,0.026647872881246946,False,False
018073,godiasco salice terme,COMUNE DI GODIASCO SALICE TERME,2024,3272,458,0.0,0.0,2639400.1,0.0,0.0,0.0,True,False
018074,golferenzo,COMUNE DI GOLFERENZO,2024,167,18,0.0,0.0,206303.02,0.0,0.0,0.0,True,False
018075,gravellona lomellina,COMUNE DI GRAVELLONA LOMELLINA,2024,2711,362,0.0,0.0,1392481.96,0.0,0.0,0.0,True,False
018076,gropello cairoli,COMUNE DI GROPELLO CAIROLI,2024,4271,594,0.0,0.0,2870924.6,0.0,0.0,0.0,True,False
018077,inverno e monteleone,COMUNE DI INVERNO E MONTELEONE,2024,1463,180,12576.24,0.0,1006581.63,8.5961995898838,69.868,1.249400905518214,False,False
018078,landriano,COMUNE DI LANDRIANO,2024,6521,983,0.0,0.0,4082273.44,0.0,0.0,0.0,True,False
018079,langosco,COMUNE DI LANGOSCO,2024,373,43,0.0,0.0,400252.46,0.0,0.0,0.0,True,False
018080,lardirago,COMUNE DI LARDIRAGO,2024,1177,177,0.0,0.0,986496.7,0.0,0.0,0.0,True,False
018081,linarolo,COMUNE DI LINAROLO,2024,2795,386,0.0,0.0,1217782.69,0.0,0.0,0.0,True,False
018082,lirio,COMUNE DI LIRIO,2024,125,17,0.0,0.0,133826.52,0.0,0.0,0.0,True,False
018083,lomello,COMUNE DI LOMELLO,2024,2036,266,0.0,0.0,1738242.54,0.0,0.0,0.0,True,False
018084,lungavilla,COMUNE DI LUNGAVILLA,2024,2419,303,0.0,0.0,1769918.26,0.0,0.0,0.0,True,False
018085,magherno,COMUNE DI MAGHERNO,2024,1778,267,0.0,0.0,1275796.12,0.0,0.0,0.0,True,False
018086,marcignago,COMUNE DI MARCIGNAGO,2024,2427,345,11905.0,0.0,1395771.97,4.905232797692625,34.507246376811594,0.8529330188512096,False,False
018087,marzano,COMUNE DI MARZANO,2024,1703,269,0.0,0.0,1328508.34,0.0,0.0,0.0,True,False
018088,mede,COMUNE DI MEDE,2024,6068,783,0.0,0.0,4583749.84,0.0,0.0,0.0,True,False
018089,menconico,COMUNE DI MENCONICO,2024,339,23,0.0,0.0,528459.7000000001,0.0,0.0,0.0,True,False
018090,mezzana bigli,COMUNE DI MEZZANA BIGLI,2024,1053,120,3633.48,0.0,768535.13,3.4505982905982906,30.279,0.4727799495645697,False,False
018091,mezzana rabattone,COMUNE DI MEZZANA RABATTONE,2024,458,56,0.0,0.0,388423.86,0.0,0.0,0.0,True,False
018092,mezzanino,COMUNE DI MEZZANINO,2024,1372,197,0.0,0.0,924605.86,0.0,0.0,0.0,True,False
018093,miradolo terme,COMUNE DI MIRADOLO TERME,2024,3843,592,3050.0,0.0,1913855.9,0.7936507936507936,5.152027027027027,0.15936414021557216,False,False
018094,montalto pavese,COMUNE DI MONTALTO PAVESE,2024,836,112,0.0,0.0,756072.8099999999,0.0,0.0,0.0,True,False
018095,montebello della battaglia,COMUNE DI MONTEBELLO DELLA BATTAGLIA,2024,1443,199,0.0,0.0,1485447.92,0.0,0.0,0.0,True,False
018096,montecalvo versiggia,COMUNE DI MONTECALVO VERSIGGIA,2024,498,57,0.0,0.0,373401.76,0.0,0.0,0.0,True,False
018097,montescano,COMUNE DI MONTESCANO,2024,412,52,0.0,0.0,469649.61,0.0,0.0,0.0,True,False
018098,montesegale,COMUNE DI MONTESEGALE,2024,251,32,0.0,0.0,344285.33,0.0,0.0,0.0,True,False
018099,monticelli pavese,COMUNE DI MONTICELLI PAVESE,2024,634,72,0.0,11980.6,612504.28,0.0,0.0,0.0,True,False
018100,montu beccaria,COMUNE DI MONTU' BECCARIA,2024,1609,253,0.0,0.0,1306534.33,0.0,0.0,0.0,True,False
018101,mornico losana,COMUNE DI MORNICO LOSANA,2024,600,76,0.0,0.0,520094.84,0.0,0.0,0.0,True,False
018102,mortara,COMUNE DI MORTARA,2024,15471,2358,13079.2,0.0,12374436.11,0.845401072975244,5.546734520780323,0.10569532125532953,False,False
018103,nicorvo,COMUNE DI NICORVO,2024,275,31,0.0,0.0,379333.84,0.0,0.0,0.0,True,False
018104,olevano di lomellina,COMUNE DI OLEVANO DI LOMELLINA,2024,697,89,0.0,0.0,811851.15,0.0,0.0,0.0,True,False
018105,oliva gessi,COMUNE DI OLIVA GESSI,2024,158,13,0.0,0.0,221997.46,0.0,0.0,0.0,True,False
018106,ottobiano,COMUNE DI OTTOBIANO,2024,1070,145,0.0,0.0,754067.64,0.0,0.0,0.0,True,False
018107,palestro,COMUNE DI PALESTRO,2024,1827,258,0.0,0.0,1528543.92,0.0,0.0,0.0,True,False
018108,pancarana,COMUNE DI PANCARANA,2024,322,41,0.0,0.0,370076.58,0.0,0.0,0.0,True,False
018109,parona,COMUNE DI PARONA,2024,1849,263,10000.0,0.0,2159633.26,5.408328826392645,38.02281368821293,0.4630415814210974,False,False
018110,pavia,COMUNE DI PAVIA,2024,71297,11204,25476.2,0.0,85016102.54,0.3573249926364363,2.273848625490896,0.029966323130389882,False,False
018111,pietra de giorgi,COMUNE DI PIETRA DE' GIORGI,2024,760,95,0.0,0.0,609229.51,0.0,0.0,0.0,True,False
018112,pieve albignola,COMUNE DI PIEVE ALBIGNOLA,2024,820,117,0.0,0.0,691863.97,0.0,0.0,0.0,True,False
018113,pieve del cairo,COMUNE DI PIEVE DEL CAIRO,2024,1748,220,0.0,32082.22,1401250.88,0.0,0.0,0.0,True,False
018114,pieve porto morone,COMUNE DI PIEVE PORTO MORONE,2024,2601,346,0.0,0.0,1535389.24,0.0,0.0,0.0,True,False
018115,pinarolo po,COMUNE DI PINAROLO PO,2024,1667,219,0.0,0.0,1331346.57,0.0,0.0,0.0,True,False
018116,pizzale,COMUNE DI PIZZALE,2024,686,73,0.0,0.0,666169.21,0.0,0.0,0.0,True,False
018117,ponte nizza,COMUNE DI PONTE NIZZA,2024,754,82,962.59,0.0,622286.22,1.2766445623342175,11.738902439024391,0.15468605427258217,False,False
018118,portalbera,COMUNE DI PORTALBERA,2024,1469,216,0.0,0.0,948921.71,0.0,0.0,0.0,True,False
018119,rea,COMUNE DI REA,2024,394,49,0.0,0.0,490075.22,0.0,0.0,0.0,True,False
018120,redavalle,COMUNE DI REDAVALLE,2024,999,132,0.0,0.0,767794.61,0.0,0.0,0.0,True,False
018121,retorbido,COMUNE DI RETORBIDO,2024,1507,215,0.0,0.0,1117674.11,0.0,0.0,0.0,True,False
018122,rivanazzano terme,COMUNE DI RIVANAZZANO TERME,2024,5094,654,0.0,0.0,3500669.51,0.0,0.0,0.0,True,False
018123,robbio,COMUNE DI ROBBIO,2024,5861,791,0.0,0.0,4150624.3,0.0,0.0,0.0,True,False
018124,robecco pavese,COMUNE DI ROBECCO PAVESE,2024,511,61,0.0,0.0,490321.55,0.0,0.0,0.0,True,False
018125,rocca de giorgi,COMUNE DI ROCCA DE' GIORGI,2024,45,1,0.0,0.0,179445.78,0.0,0.0,0.0,True,False
018126,rocca susella,COMUNE DI ROCCA SUSELLA,2024,232,13,0.0,33000.0,295827.4,0.0,0.0,0.0,True,False
018127,rognano,COMUNE DI ROGNANO,2024,704,116,0.0,0.0,432283.59,0.0,0.0,0.0,True,False
018128,romagnese,COMUNE DI ROMAGNESE,2024,541,38,0.0,0.0,809603.99,0.0,0.0,0.0,True,False
018129,roncaro,COMUNE DI RONCARO,2024,1583,247,0.0,0.0,841980.63,0.0,0.0,0.0,True,False
018130,rosasco,COMUNE DI ROSASCO,2024,541,65,0.0,0.0,1309211.84,0.0,0.0,0.0,True,False
018131,rovescala,COMUNE DI ROVESCALA,2024,809,93,0.0,0.0,773210.97,0.0,0.0,0.0,True,False
018133,san cipriano po,COMUNE DI SAN CIPRIANO PO,2024,437,54,0.0,0.0,479624.22,0.0,0.0,0.0,True,False
018134,san damiano al colle,COMUNE DI SAN DAMIANO AL COLLE,2024,607,64,0.0,0.0,585198.49,0.0,0.0,0.0,True,False
018135,san genesio ed uniti,COMUNE DI SAN GENESIO ED UNITI,2024,3975,550,0.0,0.0,2584622.79,0.0,0.0,0.0,True,False
018136,san giorgio di lomellina,COMUNE DI SAN GIORGIO DI LOMELLINA,2024,987,124,0.0,0.0,1315754.56,0.0,0.0,0.0,True,False
018137,san martino siccomario,COMUNE DI SAN MARTINO SICCOMARIO,2024,6388,907,0.0,0.0,5293572.86,0.0,0.0,0.0,True,False
018138,sannazzaro de burgondi,COMUNE DI SANNAZZARO DE' BURGONDI,2024,5122,707,3000.0,0.0,6496099.37,0.5857087075361187,4.243281471004243,0.04618155956564439,False,False
018139,santa cristina e bissone,COMUNE DI SANTA CRISTINA E BISSONE,2024,1824,248,0.0,0.0,1319961.24,0.0,0.0,0.0,True,False
018140,santa giuletta,COMUNE DI SANTA GIULETTA,2024,1563,199,0.0,0.0,1745737.49,0.0,0.0,0.0,True,False
018141,sant alessio con vialone,COMUNE DI SANT'ALESSIO CON VIALONE,2024,1043,138,0.0,0.0,647773.37,0.0,0.0,0.0,True,False
018142,santa margherita di staffora,COMUNE DI SANTA MARGHERITA DI STAFFORA,2024,436,31,0.0,0.0,591380.1,0.0,0.0,0.0,True,False
018143,santa maria della versa,COMUNE DI SANTA MARIA DELLA VERSA,2024,2261,286,2792.0,0.0,1939893.95,1.2348518354710305,9.762237762237762,0.14392539344740984,False,False
018144,sant angelo lomellina,COMUNE DI SANT'ANGELO LOMELLINA,2024,801,109,0.0,0.0,836897.22,0.0,0.0,0.0,True,False
018145,san zenone al po,COMUNE DI SAN ZENONE AL PO,2024,576,75,524.64,0.0,416609.14,0.9108333333333333,6.9952,0.12593098653572507,False,False
018146,sartirana lomellina,COMUNE DI SARTIRANA LOMELLINA,2024,1498,178,0.0,0.0,1131619.75,0.0,0.0,0.0,True,False
018147,scaldasole,COMUNE DI SCALDASOLE,2024,854,114,0.0,0.0,735353.27,0.0,0.0,0.0,True,False
018148,semiana,COMUNE DI SEMIANA,2024,198,25,0.0,0.0,253261.29,0.0,0.0,0.0,True,False
018149,silvano pietra,COMUNE DI SILVANO PIETRA,2024,624,82,1080.0,0.0,523156.56,1.7307692307692308,13.170731707317072,0.20643915848058944,False,False
018150,siziano,COMUNE DI SIZIANO,2024,6674,1026,0.0,100000.0,12340518.06,0.0,0.0,0.0,True,False
018151,sommo,COMUNE DI SOMMO,2024,1142,145,0.0,0.0,793078.96,0.0,0.0,0.0,True,False
018152,spessa,COMUNE DI SPESSA,2024,552,69,0.0,0.0,521304.47,0.0,0.0,0.0,True,False
018153,stradella,COMUNE DI STRADELLA,2024,11459,1610,400.0,0.0,10742929.75,0.03490705995287547,0.2484472049689441,0.0037233790903268265,False,False
018154,suardi,COMUNE DI SUARDI,2024,569,65,200.0,0.0,455150.78,0.351493848857645,3.076923076923077,0.043941482424791185,False,False
018155,torrazza coste,COMUNE DI TORRAZZA COSTE,2024,1588,219,0.0,0.0,1228594.95,0.0,0.0,0.0,True,False
018156,torre beretti e castellaro,COMUNE DI TORRE BERETTI E CASTELLARO,2024,505,72,520.0,0.0,452829.23,1.0297029702970297,7.222222222222222,0.11483357644558415,False,False
018157,torre d arese,COMUNE DI TORRE D'ARESE,2024,917,171,0.0,0.0,546690.8,0.0,0.0,0.0,True,False
018158,torre de negri,COMUNE DI TORRE DE' NEGRI,2024,332,46,0.0,0.0,266593.83,0.0,0.0,0.0,True,False
018159,torre d isola,COMUNE DI TORRE D'ISOLA,2024,2470,359,0.0,0.0,2336376.7800000003,0.0,0.0,0.0,True,False
018160,torrevecchia pia,COMUNE DI TORREVECCHIA PIA,2024,3541,540,0.0,85790.4,1929734.0,0.0,0.0,0.0,True,False
018161,torricella verzate,COMUNE DI TORRICELLA VERZATE,2024,808,113,0.0,0.0,576478.4,0.0,0.0,0.0,True,False
018162,travaco siccomario,COMUNE DI TRAVACO' SICCOMARIO,2024,4448,638,20900.4,0.0,3085349.71,4.698830935251799,32.75924764890282,0.6774078131972924,False,False
018163,trivolzio,COMUNE DI TRIVOLZIO,2024,2437,328,0.0,0.0,1586654.36,0.0,0.0,0.0,True,False
018164,tromello,COMUNE DI TROMELLO,2024,3666,530,0.0,0.0,2967760.45,0.0,0.0,0.0,True,False
018165,trovo,COMUNE DI TROVO,2024,999,183,0.0,0.0,684346.63,0.0,0.0,0.0,True,False
018166,val di nizza,COMUNE DI VAL DI NIZZA,2024,556,47,0.0,0.0,552528.52,0.0,0.0,0.0,True,False
018167,valeggio,COMUNE DI VALEGGIO,2024,187,16,0.0,0.0,230133.11,0.0,0.0,0.0,True,False
018168,valle lomellina,COMUNE DI VALLE LOMELLINA,2024,2123,266,0.0,0.0,1757003.1,0.0,0.0,0.0,True,False
018169,valle salimbene,COMUNE DI VALLE SALIMBENE,2024,1465,193,0.0,0.0,883007.78,0.0,0.0,0.0,True,False
018171,varzi,COMUNE DI VARZI,2024,3030,365,0.0,0.0,4179473.12,0.0,0.0,0.0,True,False
018172,velezzo lomellina,COMUNE DI VELEZZO LOMELLINA,2024,88,8,0.0,0.0,219901.73,0.0,0.0,0.0,True,False
018173,vellezzo bellini,COMUNE DI VELLEZZO BELLINI,2024,3468,572,4441.14,0.0,3039780.39,1.28060553633218,7.76423076923077,0.14610068591172143,False,False
018174,verretto,COMUNE DI VERRETTO,2024,362,49,0.0,0.0,427552.11,0.0,0.0,0.0,True,False
018175,verrua po,COMUNE DI VERRUA PO,2024,1174,159,0.0,0.0,732565.8,0.0,0.0,0.0,True,False
018176,vidigulfo,COMUNE DI VIDIGULFO,2024,6749,1000,2928.0,0.0,3578871.94,0.433842050674174,2.928,0.08181348897328805,False,False
018177,vigevano,COMUNE DI VIGEVANO,2024,62515,9166,123622.0,201698.94,59111979.13,1.9774774054226985,13.487017237617282,0.20913189140246607,False,False
018178,villa biscossi,COMUNE DI VILLA BISCOSSI,2024,62,7,0.0,0.0,191852.19,0.0,0.0,0.0,True,False
018179,villanova d ardenghi,COMUNE DI VILLANOVA D'ARDENGHI,2024,755,93,0.0,0.0,576620.83,0.0,0.0,0.0,True,False
018180,villanterio,COMUNE DI VILLANTERIO,2024,3367,504,0.0,0.0,1862355.03,0.0,0.0,0.0,True,False
018181,vistarino,COMUNE DI VISTARINO,2024,1579,252,0.0,0.0,1002537.18,0.0,0.0,0.0,True,False
018182,voghera,COMUNE DI VOGHERA,2024,38976,5336,0.0,0.0,37209444.11,0.0,0.0,0.0,True,False
018183,volpara,COMUNE DI VOLPARA,2024,122,12,0.0,0.0,240640.32,0.0,0.0,0.0,True,False
018184,zavattarello,COMUNE DI ZAVATTARELLO,2024,891,79,23330.0,0.0,2878133.36,26.184062850729518,295.3164556962025,0.8105948224720206,False,False
018185,zeccone,COMUNE DI ZECCONE,2024,1686,268,0.0,0.0,1060252.51,0.0,0.0,0.0,True,False
018186,zeme,COMUNE DI ZEME,2024,983,146,1000.0,0.0,2005322.51,1.017293997965412,6.8493150684931505,0.04986729042402261,False,False
018187,zenevredo,COMUNE DI ZENEVREDO,2024,491,69,0.0,0.0,371102.66,0.0,0.0,0.0,True,False
018188,zerbo,COMUNE DI ZERBO,2024,386,50,0.0,0.0,321667.85,0.0,0.0,0.0,True,False
018189,zerbolo,COMUNE DI ZERBOLO',2024,1657,226,0.0,0.0,1115732.78,0.0,0.0,0.0,True,False
018190,zinasco,COMUNE DI ZINASCO,2024,3100,420,0.0,0.0,1738897.96,0.0,0.0,0.0,True,False
018191,cornale e bastida,COMUNE DI CORNALE E BASTIDA,2024,810,103,0.0,0.0,749121.87,0.0,0.0,0.0,True,False
018192,corteolona e genzone,COMUNE DI CORTEOLONA E GENZONE,2024,2540,370,0.0,0.0,2761354.29,0.0,0.0,0.0,True,False
018193,colli verdi,COMUNE DI COLLI VERDI,2024,1015,94,0.0,0.0,1169675.19,0.0,0.0,0.0,True,False
019001,acquanegra cremonese,COMUNE DI ACQUANEGRA CREMONESE,2024,1144,185,0.0,0.0,979115.65,0.0,0.0,0.0,True,False
019002,agnadello,COMUNE DI AGNADELLO,2024,3894,613,0.0,0.0,2409408.27,0.0,0.0,0.0,True,False
019003,annicco,COMUNE DI ANNICCO,2024,1969,288,0.0,0.0,1433799.98,0.0,0.0,0.0,True,False
019004,azzanello,COMUNE DI AZZANELLO,2024,620,96,0.0,0.0,648059.12,0.0,0.0,0.0,True,False
019005,bagnolo cremasco,COMUNE DI BAGNOLO CREMASCO,2024,4977,709,0.0,0.0,3399643.1,0.0,0.0,0.0,True,False
019006,bonemerse,COMUNE DI BONEMERSE,2024,1460,222,0.0,0.0,860962.61,0.0,0.0,0.0,True,False
019007,bordolano,COMUNE DI BORDOLANO,2024,586,87,0.0,0.0,955636.85,0.0,0.0,0.0,True,False
019009,calvatone,COMUNE DI CALVATONE,2024,1159,144,924.81,0.0,910003.18,0.7979378774805866,6.422291666666666,0.1016271173909524,False,False
019010,camisano,COMUNE DI CAMISANO,2024,1253,193,1221.87,0.0,973251.3,0.9751556264964085,6.3309326424870465,0.12554517009121896,False,False
019011,campagnola cremasca,COMUNE DI CAMPAGNOLA CREMASCA,2024,652,104,0.0,0.0,624975.24,0.0,0.0,0.0,True,False
019012,capergnanica,COMUNE DI CAPERGNANICA,2024,2139,304,5000.0,0.0,1494095.43,2.337540906965872,16.44736842105263,0.3346506454410345,False,False
019013,cappella cantone,COMUNE DI CAPPELLA CANTONE,2024,541,69,0.0,0.0,722691.49,0.0,0.0,0.0,True,False
019014,cappella de picenardi,COMUNE DI CAPPELLA DE' PICENARDI,2024,404,65,0.0,0.0,410527.1,0.0,0.0,0.0,True,False
019015,capralba,COMUNE DI CAPRALBA,2024,2295,358,0.0,0.0,1531662.83,0.0,0.0,0.0,True,False
019016,casalbuttano ed uniti,COMUNE DI CASALBUTTANO ED UNITI,2024,3727,494,0.0,0.0,3732671.37,0.0,0.0,0.0,True,False
019017,casale cremasco vidolasco,COMUNE DI CASALE CREMASCO-VIDOLASCO,2024,1817,325,3500.0,0.0,1169576.83,1.926252063841497,10.76923076923077,0.29925353428897866,False,False
019018,casaletto ceredano,COMUNE DI CASALETTO CEREDANO,2024,1135,151,0.0,0.0,877707.51,0.0,0.0,0.0,True,False
019019,casaletto di sopra,COMUNE DI CASALETTO DI SOPRA,2024,511,69,0.0,0.0,508466.9,0.0,0.0,0.0,True,False
019020,casaletto vaprio,COMUNE DI CASALETTO VAPRIO,2024,1792,284,0.0,0.0,1248737.95,0.0,0.0,0.0,True,False
019021,casalmaggiore,COMUNE DI CASALMAGGIORE,2024,15145,2407,0.0,0.0,9773149.27,0.0,0.0,0.0,True,False
019022,casalmorano,COMUNE DI CASALMORANO,2024,1678,210,0.0,0.0,1377673.33,0.0,0.0,0.0,True,False
019023,casteldidone,COMUNE DI CASTELDIDONE,2024,544,75,0.0,0.0,418261.29,0.0,0.0,0.0,True,False
019024,castel gabbiano,COMUNE DI CASTEL GABBIANO,2024,499,88,0.0,0.0,436133.53,0.0,0.0,0.0,True,False
019025,castelleone,COMUNE DI CASTELLEONE,2024,9298,1346,0.0,0.0,6631060.68,0.0,0.0,0.0,True,False
019026,castelverde,COMUNE DI CASTELVERDE,2024,5619,780,25200.0,0.0,3365429.88,4.484783769353977,32.30769230769231,0.7487899287326706,False,False
019027,castelvisconti,COMUNE DI CASTELVISCONTI,2024,311,31,0.0,0.0,311263.82,0.0,0.0,0.0,True,False
019028,cella dati,COMUNE DI CELLA DATI,2024,476,50,0.0,0.0,558196.1,0.0,0.0,0.0,True,False
019029,chieve,COMUNE DI CHIEVE,2024,2280,336,0.0,0.0,1565660.89,0.0,0.0,0.0,True,False
019030,cicognolo,COMUNE DI CICOGNOLO,2024,916,143,0.0,0.0,690921.11,0.0,0.0,0.0,True,False
019031,cingia de botti,COMUNE DI CINGIA DE' BOTTI,2024,1134,156,0.0,0.0,751021.04,0.0,0.0,0.0,True,False
019032,corte de cortesi con cignone,COMUNE DI CORTE DE' CORTESI CON CIGNONE,2024,1055,167,0.0,0.0,918726.13,0.0,0.0,0.0,True,False
019033,corte de frati,COMUNE DI CORTE DE' FRATI,2024,1331,174,0.0,0.0,886178.79,0.0,0.0,0.0,True,False
019034,credera rubbiano,COMUNE DI CREDERA RUBBIANO,2024,1532,205,450.0,0.0,1159609.24,0.293733681462141,2.1951219512195124,0.03880617577693672,False,False
019035,crema,COMUNE DI CREMA,2024,33933,4769,155791.96,0.0,41505062.93,4.591163763887661,32.667636821136504,0.37535652039065587,False,False
019036,cremona,COMUNE DI CREMONA,2024,70675,10410,870364.33,0.0,88790998.56,12.315024124513618,83.6084851104707,0.9802393757424142,False,False
019037,cremosano,COMUNE DI CREMOSANO,2024,1720,230,0.0,0.0,1242800.41,0.0,0.0,0.0,True,False
019038,crotta d adda,COMUNE DI CROTTA D'ADDA,2024,618,85,0.0,0.0,654888.45,0.0,0.0,0.0,True,False
019039,cumignano sul naviglio,COMUNE DI CUMIGNANO SUL NAVIGLIO,2024,402,61,0.0,0.0,383181.71,0.0,0.0,0.0,True,False
019040,derovere,COMUNE DI DEROVERE,2024,281,31,0.0,0.0,259638.68,0.0,0.0,0.0,True,False
019041,dovera,COMUNE DI DOVERA,2024,3750,575,0.0,0.0,2248175.62,0.0,0.0,0.0,True,False
019043,fiesco,COMUNE DI FIESCO,2024,1196,192,0.0,0.0,880371.72,0.0,0.0,0.0,True,False
019044,formigara,COMUNE DI FORMIGARA,2024,994,125,0.0,0.0,809407.38,0.0,0.0,0.0,True,False
019045,gabbioneta binanuova,COMUNE DI GABBIONETA-BINANUOVA,2024,855,88,0.0,0.0,769784.88,0.0,0.0,0.0,True,False
019046,gadesco pieve delmona,COMUNE DI GADESCO-PIEVE DELMONA,2024,1889,313,0.0,0.0,1296344.68,0.0,0.0,0.0,True,False
019047,genivolta,COMUNE DI GENIVOLTA,2024,1115,156,0.0,0.0,846350.97,0.0,0.0,0.0,True,False
019048,gerre de caprioli,COMUNE DI GERRE DE' CAPRIOLI,2024,1323,188,0.0,0.0,1070547.33,0.0,0.0,0.0,True,False
019049,gombito,COMUNE DI GOMBITO,2024,622,97,2836.37,0.0,580292.42,4.56008038585209,29.240927835051544,0.48878287950064897,False,False
019050,grontardo,COMUNE DI GRONTARDO,2024,1489,215,0.0,0.0,1039704.67,0.0,0.0,0.0,True,False
019051,grumello cremonese ed uniti,COMUNE DI GRUMELLO CREMONESE ED UNITI,2024,1691,233,0.0,0.0,1125013.66,0.0,0.0,0.0,True,False
019052,gussola,COMUNE DI GUSSOLA,2024,2658,408,0.0,0.0,1660608.06,0.0,0.0,0.0,True,False
019053,isola dovarese,COMUNE DI ISOLA DOVARESE,2024,1073,148,0.0,0.0,861354.26,0.0,0.0,0.0,True,False
019054,izano,COMUNE DI IZANO,2024,1962,290,0.0,0.0,1393579.68,0.0,0.0,0.0,True,False
019055,madignano,COMUNE DI MADIGNANO,2024,2776,465,0.0,0.0,2332076.47,0.0,0.0,0.0,True,False
019056,malagnino,COMUNE DI MALAGNINO,2024,1756,229,498.0,0.0,1085077.67,0.2835990888382688,2.1746724890829694,0.04589533208254115,False,False
019057,martignana di po,COMUNE DI MARTIGNANA DI PO,2024,2005,311,0.0,0.0,1451068.43,0.0,0.0,0.0,True,False
019058,monte cremasco,COMUNE DI MONTE CREMASCO,2024,2260,334,3000.0,0.0,1571263.61,1.3274336283185841,8.982035928143713,0.1909291337816956,False,False
019059,montodine,COMUNE DI MONTODINE,2024,2441,356,0.0,0.0,1555204.13,0.0,0.0,0.0,True,False
019060,moscazzano,COMUNE DI MOSCAZZANO,2024,694,92,0.0,0.0,538354.51,0.0,0.0,0.0,True,False
019061,motta baluffi,COMUNE DI MOTTA BALUFFI,2024,792,95,0.0,0.0,693604.76,0.0,0.0,0.0,True,False
019062,offanengo,COMUNE DI OFFANENGO,2024,5948,824,0.0,0.0,4507378.43,0.0,0.0,0.0,True,False
019063,olmeneta,COMUNE DI OLMENETA,2024,900,123,0.0,0.0,611581.66,0.0,0.0,0.0,True,False
019064,ostiano,COMUNE DI OSTIANO,2024,2772,380,0.0,0.0,2010732.24,0.0,0.0,0.0,True,False
019065,paderno ponchielli,COMUNE DI PADERNO PONCHIELLI,2024,1307,184,0.0,0.0,888539.25,0.0,0.0,0.0,True,False
019066,palazzo pignano,COMUNE DI PALAZZO PIGNANO,2024,3804,581,0.0,0.0,2442000.33,0.0,0.0,0.0,True,False
019067,pandino,COMUNE DI PANDINO,2024,8905,1360,0.0,0.0,5996270.93,0.0,0.0,0.0,True,False
019068,persico dosimo,COMUNE DI PERSICO DOSIMO,2024,3267,512,0.0,0.0,1781747.02,0.0,0.0,0.0,True,False
019069,pescarolo ed uniti,COMUNE DI PESCAROLO ED UNITI,2024,1524,220,0.0,0.0,1251367.9,0.0,0.0,0.0,True,False
019070,pessina cremonese,COMUNE DI PESSINA CREMONESE,2024,555,73,0.0,0.0,984335.92,0.0,0.0,0.0,True,False
019072,pianengo,COMUNE DI PIANENGO,2024,2535,391,0.0,0.0,1649453.1,0.0,0.0,0.0,True,False
019073,pieranica,COMUNE DI PIERANICA,2024,1107,182,0.0,0.0,799100.9,0.0,0.0,0.0,True,False
019074,pieve d olmi,COMUNE DI PIEVE D'OLMI,2024,1227,182,4452.53,0.0,888738.54,3.6287938060309695,24.464450549450547,0.5009943644392871,False,False
019075,pieve san giacomo,COMUNE DI PIEVE SAN GIACOMO,2024,1633,252,0.0,0.0,1212571.67,0.0,0.0,0.0,True,False
019076,pizzighettone,COMUNE DI PIZZIGHETTONE,2024,6235,852,17737.73,0.0,4081234.98,2.8448644747393743,20.81893192488263,0.43461672966450954,False,False
019077,pozzaglio ed uniti,COMUNE DI POZZAGLIO ED UNITI,2024,1429,225,0.0,0.0,932950.69,0.0,0.0,0.0,True,False
019078,quintano,COMUNE DI QUINTANO,2024,921,155,0.0,0.0,612049.02,0.0,0.0,0.0,True,False
019079,ricengo,COMUNE DI RICENGO,2024,1733,312,0.0,0.0,1276330.24,0.0,0.0,0.0,True,False
019080,ripalta arpina,COMUNE DI RIPALTA ARPINA,2024,1054,155,0.0,0.0,789371.74,0.0,0.0,0.0,True,False
019081,ripalta cremasca,COMUNE DI RIPALTA CREMASCA,2024,3443,492,0.0,0.0,2230099.69,0.0,0.0,0.0,True,False
019082,ripalta guerina,COMUNE DI RIPALTA GUERINA,2024,547,88,0.0,0.0,510686.19,0.0,0.0,0.0,True,False
019083,rivarolo del re ed uniti,COMUNE DI RIVAROLO DEL RE ED UNITI,2024,1833,259,0.0,0.0,1486854.9,0.0,0.0,0.0,True,False
019084,rivolta d adda,COMUNE DI RIVOLTA D'ADDA,2024,8251,1201,0.0,0.0,6157154.33,0.0,0.0,0.0,True,False
019085,robecco d oglio,COMUNE DI ROBECCO D'OGLIO,2024,2264,297,0.0,0.0,1566448.23,0.0,0.0,0.0,True,False
019086,romanengo,COMUNE DI ROMANENGO,2024,3220,520,0.0,0.0,2221613.61,0.0,0.0,0.0,True,False
019087,salvirola,COMUNE DI SALVIROLA,2024,1132,187,0.0,0.0,953843.43,0.0,0.0,0.0,True,False
019088,san bassano,COMUNE DI SAN BASSANO,2024,2075,299,0.0,0.0,1461114.0,0.0,0.0,0.0,True,False
019089,san daniele po,COMUNE DI SAN DANIELE PO,2024,1256,141,0.0,0.0,1005661.74,0.0,0.0,0.0,True,False
019090,san giovanni in croce,COMUNE DI SAN GIOVANNI IN CROCE,2024,1912,303,0.0,0.0,1688928.73,0.0,0.0,0.0,True,False
019091,san martino del lago,COMUNE DI SAN MARTINO DEL LAGO,2024,381,51,0.0,0.0,529593.87,0.0,0.0,0.0,True,False
019092,scandolara ravara,COMUNE DI SCANDOLARA RAVARA,2024,1286,186,0.0,0.0,1117512.48,0.0,0.0,0.0,True,False
019093,scandolara ripa d oglio,COMUNE DI SCANDOLARA RIPA D'OGLIO,2024,502,56,0.0,0.0,416972.95,0.0,0.0,0.0,True,False
019094,sergnano,COMUNE DI SERGNANO,2024,3465,582,0.0,0.0,2568137.52,0.0,0.0,0.0,True,False
019095,sesto ed uniti,COMUNE DI SESTO ED UNITI,2024,3219,453,0.0,0.0,4617708.22,0.0,0.0,0.0,True,False
019096,solarolo rainerio,COMUNE DI SOLAROLO RAINERIO,2024,931,133,0.0,0.0,853719.72,0.0,0.0,0.0,True,False
019097,soncino,COMUNE DI SONCINO,2024,7532,1020,0.0,0.0,5713704.42,0.0,0.0,0.0,True,False
019098,soresina,COMUNE DI SORESINA,2024,9063,1297,0.0,0.0,6846721.27,0.0,0.0,0.0,True,False
019099,sospiro,COMUNE DI SOSPIRO,2024,3039,376,615.0,0.0,2754788.95,0.20236920039486672,1.6356382978723405,0.022324759216127973,False,False
019100,spinadesco,COMUNE DI SPINADESCO,2024,1431,225,0.0,0.0,1150001.26,0.0,0.0,0.0,True,False
019101,spineda,COMUNE DI SPINEDA,2024,601,72,0.0,0.0,671679.87,0.0,0.0,0.0,True,False
019102,spino d adda,COMUNE DI SPINO D'ADDA,2024,7003,1095,745.98,0.0,4097851.04,0.10652291874910753,0.6812602739726028,0.018204175620790748,False,False
019103,stagno lombardo,COMUNE DI STAGNO LOMBARDO,2024,1437,175,0.0,0.0,1514942.36,0.0,0.0,0.0,True,False
019104,ticengo,COMUNE DI TICENGO,2024,443,68,0.0,0.0,443694.13,0.0,0.0,0.0,True,False
019105,torlino vimercati,COMUNE DI TORLINO VIMERCATI,2024,472,59,0.0,0.0,486748.37,0.0,0.0,0.0,True,False
019106,tornata,COMUNE DI TORNATA,2024,408,68,329.35,0.0,426320.8,0.8072303921568628,4.843382352941177,0.07725403029831057,False,False
019107,torre de picenardi,COMUNE DI TORRE DE' PICENARDI,2024,2146,279,0.0,0.0,1738846.7,0.0,0.0,0.0,True,False
019108,torricella del pizzo,COMUNE DI TORRICELLA DEL PIZZO,2024,578,76,0.0,0.0,479325.08,0.0,0.0,0.0,True,False
019109,trescore cremasco,COMUNE DI TRESCORE CREMASCO,2024,2854,470,0.0,0.0,1805160.45,0.0,0.0,0.0,True,False
019110,trigolo,COMUNE DI TRIGOLO,2024,1652,225,7559.85,0.0,1318036.6700000002,4.5761803874092015,33.599333333333334,0.5735690191381397,False,False
019111,vaiano cremasco,COMUNE DI VAIANO CREMASCO,2024,3523,536,0.0,0.0,2663387.69,0.0,0.0,0.0,True,False
019112,vailate,COMUNE DI VAILATE,2024,4617,702,0.0,0.0,2680959.3,0.0,0.0,0.0,True,False
019113,vescovato,COMUNE DI VESCOVATO,2024,3930,627,0.0,0.0,2294450.33,0.0,0.0,0.0,True,False
019114,volongo,COMUNE DI VOLONGO,2024,454,46,0.0,0.0,564318.07,0.0,0.0,0.0,True,False
019115,voltido,COMUNE DI VOLTIDO,2024,333,49,187.83,0.0,453727.62,0.5640540540540541,3.833265306122449,0.041397083122248546,False,False
019116,piadena drizzona,COMUNE DI PIADENA DRIZZONA,2024,4013,555,0.0,0.0,4576964.48,0.0,0.0,0.0,True,False
020001,acquanegra sul chiese,COMUNE DI ACQUANEGRA SUL CHIESE,2024,2692,383,0.0,0.0,3638135.18,0.0,0.0,0.0,True,False
020002,asola,COMUNE DI ASOLA,2024,9876,1516,0.0,0.0,8347690.09,0.0,0.0,0.0,True,False
020003,bagnolo san vito,COMUNE DI BAGNOLO SAN VITO,2024,5929,819,46000.0,0.0,4660310.85,7.758475290942823,56.166056166056165,0.9870586207784832,False,False
020007,bozzolo,COMUNE DI BOZZOLO,2024,4029,565,0.0,0.0,3427205.4,0.0,0.0,0.0,True,False
020008,canneto sull oglio,COMUNE DI CANNETO SULL'OGLIO,2024,4332,624,0.0,0.0,3843815.95,0.0,0.0,0.0,True,False
020010,casalmoro,COMUNE DI CASALMORO,2024,2206,383,0.0,0.0,1847054.06,0.0,0.0,0.0,True,False
020011,casaloldo,COMUNE DI CASALOLDO,2024,2587,366,0.0,0.0,1619121.77,0.0,0.0,0.0,True,False
020012,casalromano,COMUNE DI CASALROMANO,2024,1482,246,0.0,0.0,1213508.26,0.0,0.0,0.0,True,False
020013,castelbelforte,COMUNE DI CASTELBELFORTE,2024,3297,475,0.0,0.0,2123797.48,0.0,0.0,0.0,True,False
020014,castel d ario,COMUNE DI CASTEL D'ARIO,2024,4650,692,10493.72,0.0,2760222.64,2.2567139784946235,15.164335260115607,0.38017657879945504,False,False
020015,castel goffredo,COMUNE DI CASTEL GOFFREDO,2024,12763,2089,0.0,0.0,9424458.19,0.0,0.0,0.0,True,False
020016,castellucchio,COMUNE DI CASTELLUCCHIO,2024,5172,717,49638.67,274964.24,3633851.01,9.597577339520495,69.231059972106,1.3660072981363096,False,False
020017,castiglione delle stiviere,COMUNE DI CASTIGLIONE DELLE STIVIERE,2024,23815,3941,0.0,0.0,18673943.25,0.0,0.0,0.0,True,False
020018,cavriana,COMUNE DI CAVRIANA,2024,3734,581,300.0,0.0,3048208.75,0.08034279592929834,0.5163511187607573,0.009841845641313116,False,False
020019,ceresara,COMUNE DI CERESARA,2024,2532,373,5521.92,0.0,1827681.46,2.1808530805687205,14.80407506702413,0.30212704570521826,False,False
020020,commessaggio,COMUNE DI COMMESSAGGIO,2024,1048,146,0.0,0.0,795418.6900000001,0.0,0.0,0.0,True,False
020021,curtatone,COMUNE DI CURTATONE,2024,14675,2083,12489.31,0.0,10090895.67,0.8510603066439523,5.9958281325012,0.12376810154851199,False,False
020022,dosolo,COMUNE DI DOSOLO,2024,3253,449,41568.29,0.0,1907684.91,12.778447586842914,92.57971046770602,2.1789913932904152,False,False
020024,gazoldo degli ippoliti,COMUNE DI GAZOLDO DEGLI IPPOLITI,2024,3025,413,0.0,0.0,2375182.86,0.0,0.0,0.0,True,False
020025,gazzuolo,COMUNE DI GAZZUOLO,2024,2092,241,0.0,0.0,1654003.38,0.0,0.0,0.0,True,False
020026,goito,COMUNE DI GOITO,2024,10022,1363,0.0,0.0,6766917.89,0.0,0.0,0.0,True,False
020027,gonzaga,COMUNE DI GONZAGA,2024,8698,1429,0.0,0.0,6443160.46,0.0,0.0,0.0,True,False
020028,guidizzolo,COMUNE DI GUIDIZZOLO,2024,6014,967,5760.06,0.0,5478673.23,0.9577751912204856,5.956628748707343,0.10513603856603801,False,False
020029,magnacavallo,COMUNE DI MAGNACAVALLO,2024,1384,169,395.11,0.0,1104971.89,0.2854841040462428,2.3379289940828403,0.03575747071719626,False,False
020030,mantova,COMUNE DI MANTOVA,2024,49044,7061,606284.73,0.0,67180466.92,12.362057132370932,85.86386205919841,0.9024717418561222,False,False
020031,marcaria,COMUNE DI MARCARIA,2024,6393,835,0.0,0.0,5728864.24,0.0,0.0,0.0,True,False
020032,mariana mantovana,COMUNE DI MARIANA MANTOVANA,2024,823,110,0.0,0.0,1462505.84,0.0,0.0,0.0,True,False
020033,marmirolo,COMUNE DI MARMIROLO,2024,7646,1131,3500.0,0.0,5582370.57,0.4577556892492807,3.094606542882405,0.06269737840066034,False,False
020034,medole,COMUNE DI MEDOLE,2024,4203,631,0.0,0.0,2947789.2,0.0,0.0,0.0,True,False
020035,moglia,COMUNE DI MOGLIA,2024,5400,763,0.0,0.0,4617628.88,0.0,0.0,0.0,True,False
020036,monzambano,COMUNE DI MONZAMBANO,2024,4806,658,47660.0,0.0,2730142.52,9.916770703287558,72.43161094224924,1.7456964114825773,False,False
020037,motteggiana,COMUNE DI MOTTEGGIANA,2024,2417,368,0.0,0.0,1636221.68,0.0,0.0,0.0,True,False
020038,ostiglia,COMUNE DI OSTIGLIA,2024,6663,975,71567.63,0.0,7454652.08,10.741052078643255,73.40269743589744,0.960039841322816,False,False
020039,pegognaga,COMUNE DI PEGOGNAGA,2024,6866,986,29355.86,0.0,5951093.36,4.2755403437226915,29.772677484787017,0.4932851532344302,False,False
020041,piubega,COMUNE DI PIUBEGA,2024,1726,260,24280.0,0.0,1473554.22,14.06720741599073,93.38461538461539,1.6477167701369009,False,False
020042,poggio rusco,COMUNE DI POGGIO RUSCO,2024,6511,901,0.0,0.0,4633213.51,0.0,0.0,0.0,True,False
020043,pomponesco,COMUNE DI POMPONESCO,2024,1702,284,0.0,0.0,1652835.83,0.0,0.0,0.0,True,False
020044,ponti sul mincio,COMUNE DI PONTI SUL MINCIO,2024,2342,346,0.0,0.0,1689085.02,0.0,0.0,0.0,True,False
020045,porto mantovano,COMUNE DI PORTO MANTOVANO,2024,16653,2336,10000.0,10000.0,8313173.93,0.6004924037710923,4.280821917808219,0.12029099937284723,False,False
020046,quingentole,COMUNE DI QUINGENTOLE,2024,1029,129,0.0,0.0,971546.52,0.0,0.0,0.0,True,False
020047,quistello,COMUNE DI QUISTELLO,2024,5272,717,7078.87,0.0,4218359.35,1.3427295144157814,9.872900976290097,0.16781097608481366,False,False
020048,redondesco,COMUNE DI REDONDESCO,2024,1213,165,13980.0,0.0,1220132.71,11.525144270403958,84.72727272727273,1.14577700322451,False,False
020050,rivarolo mantovano,COMUNE DI RIVAROLO MANTOVANO,2024,2368,322,0.0,0.0,1884625.35,0.0,0.0,0.0,True,False
020051,rodigo,COMUNE DI RODIGO,2024,5171,726,0.0,0.0,4181442.56,0.0,0.0,0.0,True,False
020052,roncoferraro,COMUNE DI RONCOFERRARO,2024,6886,919,0.0,0.0,3910322.73,0.0,0.0,0.0,True,False
020053,roverbella,COMUNE DI ROVERBELLA,2024,8751,1353,0.0,0.0,5655388.61,0.0,0.0,0.0,True,False
020054,sabbioneta,COMUNE DI SABBIONETA,2024,4097,560,21141.88,0.0,3604784.62,5.160331950207469,37.75335714285715,0.5864949568054915,False,False
020055,san benedetto po,COMUNE DI SAN BENEDETTO PO,2024,6683,831,0.0,0.0,6552736.75,0.0,0.0,0.0,True,False
020056,san giacomo delle segnate,COMUNE DI SAN GIACOMO DELLE SEGNATE,2024,1514,180,0.0,0.0,2042566.66,0.0,0.0,0.0,True,False
020057,san giorgio bigarello,COMUNE DI SAN GIORGIO BIGARELLO,2024,11836,1709,8911.68,0.0,7998278.67,0.7529300439337614,5.214558221181978,0.11141997381794151,False,False
020058,san giovanni del dosso,COMUNE DI SAN GIOVANNI DEL DOSSO,2024,1254,159,1567.7,0.0,1338039.81,1.2501594896331738,9.859748427672956,0.11716392802991414,False,False
020059,san martino dall argine,COMUNE DI SAN MARTINO DALL'ARGINE,2024,1583,186,0.0,0.0,1205436.32,0.0,0.0,0.0,True,False
020060,schivenoglia,COMUNE DI SCHIVENOGLIA,2024,1090,147,0.0,0.0,993950.65,0.0,0.0,0.0,True,False
020061,sermide e felonica,COMUNE DI SERMIDE E FELONICA,2024,7087,830,56391.66,0.0,5393732.83,7.957056582474955,67.94175903614459,1.045503397690538,False,False
020062,serravalle a po,COMUNE DI SERRAVALLE A PO,2024,1422,173,0.0,0.0,739469.8699999999,0.0,0.0,0.0,True,False
020063,solferino,COMUNE DI SOLFERINO,2024,2579,340,0.0,0.0,1503082.44,0.0,0.0,0.0,True,False
020064,sustinente,COMUNE DI SUSTINENTE,2024,2034,250,5000.0,0.0,1140630.1,2.4582104228121926,20.0,0.43835420439983125,False,False
020065,suzzara,COMUNE DI SUZZARA,2024,21146,3294,75464.55,0.0,12298781.73,3.5687387685614302,22.909699453551912,0.6135937010405014,False,False
020066,viadana,COMUNE DI VIADANA,2024,19841,3165,60000.0,0.0,14786625.4,3.0240411269593266,18.95734597156398,0.4057720972629766,False,False
020068,villimpenta,COMUNE DI VILLIMPENTA,2024,2130,276,0.0,0.0,1584271.0,0.0,0.0,0.0,True,False
020070,volta mantovana,COMUNE DI VOLTA MANTOVANA,2024,7221,1065,27960.0,0.0,4655951.67,3.8720398836726213,26.253521126760564,0.6005216974256092,False,False
020071,borgo virgilio,COMUNE DI BORGO VIRGILIO,2024,15074,2198,15129.93,0.0,9962135.61,1.003710362213082,6.883498635122839,0.1518743630112058,False,False
020072,borgo mantovano,COMUNE DI BORGO MANTOVANO,2024,5351,633,4032.37,0.0,4652373.83,0.7535731638945992,6.370252764612954,0.08667338755106013,False,False
020073,borgocarbonara,COMUNE DI BORGOCARBONARA,2024,1868,237,0.0,0.0,1930470.5,0.0,0.0,0.0,True,False
097001,abbadia lariana,COMUNE DI ABBADIA LARIANA,2024,3187,468,0.0,0.0,2771977.41,0.0,0.0,0.0,True,False
097002,airuno,COMUNE DI AIRUNO,2024,2868,462,0.0,0.0,1879493.61,0.0,0.0,0.0,True,False
097003,annone di brianza,COMUNE DI ANNONE DI BRIANZA,2024,2280,372,0.0,0.0,1391880.88,0.0,0.0,0.0,True,False
097004,ballabio,COMUNE DI BALLABIO,2024,4187,699,4220.0,0.0,2817555.19,1.0078815380941009,6.037195994277539,0.1497752382979941,False,False
097005,barzago,COMUNE DI BARZAGO,2024,2362,372,0.0,0.0,2140868.26,0.0,0.0,0.0,True,False
097006,barzano,COMUNE DI BARZANO',2024,5039,753,5752.0,0.0,3344948.01,1.1414963286366342,7.6387782204515275,0.1719608192056773,False,False
097007,barzio,COMUNE DI BARZIO,2024,1265,162,10000.0,0.0,3325502.45,7.905138339920948,61.72839506172839,0.300706439112682,False,False
097008,bellano,COMUNE DI BELLANO,2024,3420,412,7900.0,0.0,5250817.93,2.309941520467836,19.174757281553397,0.15045275051081425,False,False
097009,bosisio parini,COMUNE DI BOSISIO PARINI,2024,3251,491,0.0,0.0,2134732.5,0.0,0.0,0.0,True,False
097010,brivio,COMUNE DI BRIVIO,2024,4419,737,2000.0,0.0,3148668.62,0.45259108395564607,2.7137042062415198,0.06351891041490419,False,False
097011,bulciago,COMUNE DI BULCIAGO,2024,2910,453,0.0,0.0,2094743.26,0.0,0.0,0.0,True,False
097012,calco,COMUNE DI CALCO,2024,5411,826,9600.0,0.0,3317737.76,1.7741637405285529,11.62227602905569,0.2893537914823021,False,False
097013,calolziocorte,COMUNE DI CALOLZIOCORTE,2024,13635,2083,21381.87,0.0,8786496.21,1.5681606160616062,10.264939990398464,0.24334922008689966,False,False
097014,carenno,COMUNE DI CARENNO,2024,1392,209,0.0,0.0,1002226.0,0.0,0.0,0.0,True,False
097015,casargo,COMUNE DI CASARGO,2024,836,115,1305.0,0.0,1666717.89,1.5610047846889952,11.347826086956522,0.07829759360175824,False,False
097016,casatenovo,COMUNE DI CASATENOVO,2024,13286,1929,7058.0,0.0,7791260.95,0.531235887400271,3.658890616899948,0.09058867422480568,False,False
097017,cassago brianza,COMUNE DI CASSAGO BRIANZA,2024,4425,644,0.0,0.0,2831570.05,0.0,0.0,0.0,True,False
097018,cassina valsassina,COMUNE DI CASSINA VALSASSINA,2024,541,78,0.0,0.0,1039031.28,0.0,0.0,0.0,True,False
097019,castello di brianza,COMUNE DI CASTELLO DI BRIANZA,2024,2619,424,8897.63,0.0,1464565.75,3.3973386788850704,20.984976415094337,0.6075268385867961,False,False
097020,cernusco lombardone,COMUNE DI CERNUSCO LOMBARDONE,2024,3845,608,0.0,0.0,2913805.21,0.0,0.0,0.0,True,False
097021,cesana brianza,COMUNE DI CESANA BRIANZA,2024,2350,320,0.0,0.0,1730360.69,0.0,0.0,0.0,True,False
097022,civate,COMUNE DI CIVATE,2024,3707,539,2500.0,0.0,2440640.12,0.674399784192069,4.638218923933209,0.10243214390821372,False,False
097023,colico,COMUNE DI COLICO,2024,8155,1195,0.0,0.0,6528655.029999999,0.0,0.0,0.0,True,False
097024,colle brianza,COMUNE DI COLLE BRIANZA,2024,1823,270,0.0,0.0,1457695.57,0.0,0.0,0.0,True,False
097025,cortenova,COMUNE DI CORTENOVA,2024,1150,182,2123.19,0.0,1166991.62,1.8462521739130435,11.66587912087912,0.18193703910230305,False,False
097026,costa masnaga,COMUNE DI COSTA MASNAGA,2024,4772,700,0.0,0.0,2840717.59,0.0,0.0,0.0,True,False
097027,crandola valsassina,COMUNE DI CRANDOLA VALSASSINA,2024,264,24,0.0,0.0,289194.28,0.0,0.0,0.0,True,False
097028,cremella,COMUNE DI CREMELLA,2024,1663,260,0.0,0.0,1042248.52,0.0,0.0,0.0,True,False
097029,cremeno,COMUNE DI CREMENO,2024,1730,349,1732.71,0.0,2467858.14,1.0015664739884393,4.964785100286533,0.07021108595812561,False,False
097030,dervio,COMUNE DI DERVIO,2024,2559,342,0.0,0.0,2936090.95,0.0,0.0,0.0,True,False
097031,dolzago,COMUNE DI DOLZAGO,2024,2555,370,0.0,0.0,1890143.4,0.0,0.0,0.0,True,False
097032,dorio,COMUNE DI DORIO,2024,329,48,0.0,0.0,395294.59,0.0,0.0,0.0,True,False
097033,ello,COMUNE DI ELLO,2024,1185,179,909.82,0.0,1147151.81,0.7677805907172996,5.082793296089386,0.07931121165210035,False,False
097034,erve,COMUNE DI ERVE,2024,674,122,454.66,0.0,595884.25,0.6745697329376855,3.72672131147541,0.07630005324020564,False,False
097035,esino lario,COMUNE DI ESINO LARIO,2024,755,112,0.0,0.0,1271391.62,0.0,0.0,0.0,True,False
097036,galbiate,COMUNE DI GALBIATE,2024,8413,1225,23500.0,0.0,5633359.11,2.793296089385475,19.183673469387756,0.4171578545078764,False,False
097037,garbagnate monastero,COMUNE DI GARBAGNATE MONASTERO,2024,2523,389,0.0,0.0,1938893.05,0.0,0.0,0.0,True,False
097038,garlate,COMUNE DI GARLATE,2024,2594,381,0.0,0.0,1895833.27,0.0,0.0,0.0,True,False
097039,imbersago,COMUNE DI IMBERSAGO,2024,2482,348,0.0,0.0,1333512.36,0.0,0.0,0.0,True,False
097040,introbio,COMUNE DI INTROBIO,2024,1944,307,0.0,0.0,1317747.35,0.0,0.0,0.0,True,False
097042,lecco,COMUNE DI LECCO,2024,47125,7406,280644.92,0.0,60893846.53,5.955329867374005,37.894264110180934,0.4608756647713776,False,False
097043,lierna,COMUNE DI LIERNA,2024,2155,334,0.0,0.0,1688033.51,0.0,0.0,0.0,True,False
097044,lomagna,COMUNE DI LOMAGNA,2024,5020,728,0.0,0.0,4213174.27,0.0,0.0,0.0,True,False
097045,malgrate,COMUNE DI MALGRATE,2024,4172,717,9021.79,0.0,3418145.97,2.162461649089166,12.582691771269179,0.2639381137956493,False,False
097046,mandello del lario,COMUNE DI MANDELLO DEL LARIO,2024,9900,1428,0.0,0.0,7511861.96,0.0,0.0,0.0,True,False
097047,margno,COMUNE DI MARGNO,2024,392,41,0.0,0.0,765475.24,0.0,0.0,0.0,True,False
097048,merate,COMUNE DI MERATE,2024,14882,2161,0.0,0.0,13239968.03,0.0,0.0,0.0,True,False
097049,missaglia,COMUNE DI MISSAGLIA,2024,8903,1263,0.0,0.0,5312459.39,0.0,0.0,0.0,True,False
097050,moggio,COMUNE DI MOGGIO,2024,495,61,0.0,0.0,2077195.92,0.0,0.0,0.0,True,False
097051,molteno,COMUNE DI MOLTENO,2024,3517,560,0.0,0.0,2366507.77,0.0,0.0,0.0,True,False
097052,monte marenzo,COMUNE DI MONTE MARENZO,2024,1823,333,33857.95,0.0,1579540.02,18.572654964344487,101.67552552552552,2.1435322670710173,False,False
097053,montevecchia,COMUNE DI MONTEVECCHIA,2024,2681,409,6391.0,0.0,2016687.28,2.3838120104438643,15.625916870415647,0.31690585165985674,False,False
097054,monticello brianza,COMUNE DI MONTICELLO BRIANZA,2024,4123,589,0.0,0.0,2587393.59,0.0,0.0,0.0,True,False
097055,morterone,COMUNE DI MORTERONE,2024,33,5,0.0,0.0,122731.16,0.0,0.0,0.0,True,False
097056,nibionno,COMUNE DI NIBIONNO,2024,3578,541,0.0,0.0,2731013.61,0.0,0.0,0.0,True,False
097057,oggiono,COMUNE DI OGGIONO,2024,9127,1381,0.0,0.0,6315108.99,0.0,0.0,0.0,True,False
097058,olgiate molgora,COMUNE DI OLGIATE MOLGORA,2024,6284,925,0.0,0.0,3692490.04,0.0,0.0,0.0,True,False
097059,olginate,COMUNE DI OLGINATE,2024,6921,1073,0.0,0.0,5363580.11,0.0,0.0,0.0,True,False
097060,oliveto lario,COMUNE DI OLIVETO LARIO,2024,1171,152,0.0,0.0,1199981.85,0.0,0.0,0.0,True,False
097061,osnago,COMUNE DI OSNAGO,2024,4712,738,0.0,0.0,3693753.81,0.0,0.0,0.0,True,False
097062,paderno d adda,COMUNE DI PADERNO D'ADDA,2024,3878,617,0.0,0.0,2571483.29,0.0,0.0,0.0,True,False
097063,pagnona,COMUNE DI PAGNONA,2024,317,38,0.0,0.0,263690.23,0.0,0.0,0.0,True,False
097064,parlasco,COMUNE DI PARLASCO,2024,137,18,0.0,0.0,138341.23,0.0,0.0,0.0,True,False
097065,pasturo,COMUNE DI PASTURO,2024,1972,285,1920.0,0.0,1287296.26,0.973630831643002,6.7368421052631575,0.14914981575414504,False,False
097067,perledo,COMUNE DI PERLEDO,2024,841,105,2103.43,0.0,1673760.62,2.501105826397146,20.032666666666664,0.12567089790892558,False,False
097068,pescate,COMUNE DI PESCATE,2024,2165,338,0.0,0.0,1773704.61,0.0,0.0,0.0,True,False
097069,premana,COMUNE DI PREMANA,2024,2169,400,0.0,0.0,1435462.62,0.0,0.0,0.0,True,False
097070,primaluna,COMUNE DI PRIMALUNA,2024,2274,348,0.0,0.0,1377355.44,0.0,0.0,0.0,True,False
097071,robbiate,COMUNE DI ROBBIATE,2024,6324,1006,0.0,0.0,4283111.86,0.0,0.0,0.0,True,False
097072,rogeno,COMUNE DI ROGENO,2024,2991,470,0.0,0.0,1708898.75,0.0,0.0,0.0,True,False
097074,santa maria hoe,COMUNE DI SANTA MARIA HOE',2024,2113,357,11507.84,0.0,1504484.61,5.446209181258873,32.23484593837535,0.7649024738112807,False,False
097075,sirone,COMUNE DI SIRONE,2024,2348,363,0.0,0.0,1700705.25,0.0,0.0,0.0,True,False
097076,sirtori,COMUNE DI SIRTORI,2024,2774,413,0.0,0.0,1764456.32,0.0,0.0,0.0,True,False
097077,sueglio,COMUNE DI SUEGLIO,2024,144,12,0.0,0.0,285938.07,0.0,0.0,0.0,True,False
097078,suello,COMUNE DI SUELLO,2024,1741,250,0.0,0.0,1114903.76,0.0,0.0,0.0,True,False
097079,taceno,COMUNE DI TACENO,2024,594,92,0.0,0.0,502919.2,0.0,0.0,0.0,True,False
097082,valgreghentino,COMUNE DI VALGREGHENTINO,2024,3360,561,0.0,0.0,2363848.49,0.0,0.0,0.0,True,False
097083,valmadrera,COMUNE DI VALMADRERA,2024,11284,1745,0.0,0.0,10292019.16,0.0,0.0,0.0,True,False
097084,varenna,COMUNE DI VARENNA,2024,681,69,0.0,0.0,2150578.5300000003,0.0,0.0,0.0,True,False
097086,vercurago,COMUNE DI VERCURAGO,2024,2695,385,0.0,0.0,1875462.45,0.0,0.0,0.0,True,False
097090,vigano,COMUNE DI VIGANO',2024,2067,255,0.0,0.0,1469421.45,0.0,0.0,0.0,True,False
097091,verderio,COMUNE DI VERDERIO,2024,5452,927,0.0,0.0,3745058.67,0.0,0.0,0.0,True,False
097092,la valletta brianza,COMUNE DI LA VALLETTA BRIANZA,2024,4644,790,0.0,0.0,3434559.05,0.0,0.0,0.0,True,False
097093,valvarrone,COMUNE DI VALVARRONE,2024,486,59,0.0,0.0,836039.77,0.0,0.0,0.0,True,False
098001,abbadia cerreto,COMUNE DI ABBADIA CERRETO,2024,273,30,0.0,0.0,239474.86,0.0,0.0,0.0,True,False
098002,bertonico,COMUNE DI BERTONICO,2024,1063,154,0.0,0.0,1102001.08,0.0,0.0,0.0,True,False
098003,boffalora d adda,COMUNE DI BOFFALORA D'ADDA,2024,1744,257,0.0,0.0,1030770.13,0.0,0.0,0.0,True,False
098004,borghetto lodigiano,COMUNE DI BORGHETTO LODIGIANO,2024,4361,640,0.0,0.0,2544036.18,0.0,0.0,0.0,True,False
098005,borgo san giovanni,COMUNE DI BORGO SAN GIOVANNI,2024,2466,402,0.0,0.0,1189994.93,0.0,0.0,0.0,True,False
098006,brembio,COMUNE DI BREMBIO,2024,2738,442,0.0,0.0,1617992.68,0.0,0.0,0.0,True,False
098008,casaletto lodigiano,COMUNE DI CASALETTO LODIGIANO,2024,2988,440,0.0,0.0,1676836.89,0.0,0.0,0.0,True,False
098009,casalmaiocco,COMUNE DI CASALMAIOCCO,2024,3179,506,0.0,0.0,2143903.63,0.0,0.0,0.0,True,False
098010,casalpusterlengo,COMUNE DI CASALPUSTERLENGO,2024,15630,2457,0.0,0.0,10600813.38,0.0,0.0,0.0,True,False
098011,caselle landi,COMUNE DI CASELLE LANDI,2024,1444,167,0.0,0.0,1140658.51,0.0,0.0,0.0,True,False
098012,caselle lurani,COMUNE DI CASELLE LURANI,2024,3071,486,0.0,0.0,1611892.26,0.0,0.0,0.0,True,False
098013,castelnuovo bocca d adda,COMUNE DI CASTELNUOVO BOCCA D'ADDA,2024,1531,221,2000.0,0.0,1443768.74,1.3063357282821686,9.049773755656108,0.13852634044424594,False,False
098014,castiglione d adda,COMUNE DI CASTIGLIONE D'ADDA,2024,4503,709,0.0,0.0,3035183.96,0.0,0.0,0.0,True,False
098015,castiraga vidardo,COMUNE DI CASTIRAGA VIDARDO,2024,3045,450,0.0,0.0,2389731.45,0.0,0.0,0.0,True,False
098017,cavenago d adda,COMUNE DI CAVENAGO D'ADDA,2024,2128,302,0.0,0.0,1567703.56,0.0,0.0,0.0,True,False
098018,cervignano d adda,COMUNE DI CERVIGNANO D'ADDA,2024,2233,347,0.0,0.0,1224297.22,0.0,0.0,0.0,True,False
098019,codogno,COMUNE DI CODOGNO,2024,15684,2271,0.0,0.0,13743678.23,0.0,0.0,0.0,True,False
098020,comazzo,COMUNE DI COMAZZO,2024,2341,317,0.0,0.0,1309017.98,0.0,0.0,0.0,True,False
098021,cornegliano laudense,COMUNE DI CORNEGLIANO LAUDENSE,2024,2841,435,0.0,0.0,2036215.47,0.0,0.0,0.0,True,False
098022,corno giovine,COMUNE DI CORNO GIOVINE,2024,1134,150,0.0,0.0,843929.7,0.0,0.0,0.0,True,False
098023,cornovecchio,COMUNE DI CORNOVECCHIO,2024,197,15,0.0,0.0,245105.63,0.0,0.0,0.0,True,False
098024,corte palasio,COMUNE DI CORTE PALASIO,2024,1536,272,0.0,0.0,850784.14,0.0,0.0,0.0,True,False
098025,crespiatica,COMUNE DI CRESPIATICA,2024,2188,311,0.0,0.0,1424594.09,0.0,0.0,0.0,True,False
098026,fombio,COMUNE DI FOMBIO,2024,2256,334,0.0,0.0,1618223.23,0.0,0.0,0.0,True,False
098027,galgagnano,COMUNE DI GALGAGNANO,2024,1319,201,0.0,0.0,1059925.61,0.0,0.0,0.0,True,False
098028,graffignana,COMUNE DI GRAFFIGNANA,2024,2616,398,0.0,0.0,1943348.73,0.0,0.0,0.0,True,False
098029,guardamiglio,COMUNE DI GUARDAMIGLIO,2024,2660,402,0.0,0.0,1901507.19,0.0,0.0,0.0,True,False
098030,livraga,COMUNE DI LIVRAGA,2024,2500,332,0.0,0.0,2019808.01,0.0,0.0,0.0,True,False
098031,lodi,COMUNE DI LODI,2024,45158,6652,114720.48,0.0,48839182.98,2.5404242880552723,17.24601322910403,0.23489434712079207,False,False
098032,lodi vecchio,COMUNE DI LODI VECCHIO,2024,7684,1257,2000.0,0.0,5927789.95,0.2602811035918792,1.5910898965791567,0.03373938713870926,False,False
098033,maccastorna,COMUNE DI MACCASTORNA,2024,61,9,0.0,0.0,188721.66,0.0,0.0,0.0,True,False
098034,mairago,COMUNE DI MAIRAGO,2024,1375,204,0.0,0.0,1023689.97,0.0,0.0,0.0,True,False
098035,maleo,COMUNE DI MALEO,2024,3034,403,13200.0,0.0,2602259.19,4.350692155570204,32.754342431761785,0.5072515470682227,False,False
098036,marudo,COMUNE DI MARUDO,2024,1763,266,0.0,0.0,1016679.26,0.0,0.0,0.0,True,False
098037,massalengo,COMUNE DI MASSALENGO,2024,4461,658,56136.46,45000.0,2798238.19,12.583828737951132,85.31376899696049,2.006135867940534,False,False
098038,meleti,COMUNE DI MELETI,2024,452,60,0.0,0.0,394563.7,0.0,0.0,0.0,True,False
098039,merlino,COMUNE DI MERLINO,2024,1688,267,0.0,0.0,1103869.6,0.0,0.0,0.0,True,False
098040,montanaso lombardo,COMUNE DI MONTANASO LOMBARDO,2024,2236,272,0.0,0.0,2806174.16,0.0,0.0,0.0,True,False
098041,mulazzano,COMUNE DI MULAZZANO,2024,5821,864,0.0,0.0,3338491.24,0.0,0.0,0.0,True,False
098042,orio litta,COMUNE DI ORIO LITTA,2024,2034,281,0.0,0.0,1343659.11,0.0,0.0,0.0,True,False
098043,ospedaletto lodigiano,COMUNE DI OSPEDALETTO LODIGIANO,2024,1991,359,0.0,0.0,1524633.9,0.0,0.0,0.0,True,False
098044,ossago lodigiano,COMUNE DI OSSAGO LODIGIANO,2024,1415,207,0.0,0.0,983838.94,0.0,0.0,0.0,True,False
098045,pieve fissiraga,COMUNE DI PIEVE FISSIRAGA,2024,1753,316,0.0,0.0,1583641.1,0.0,0.0,0.0,True,False
098046,salerano sul lambro,COMUNE DI SALERANO SUL LAMBRO,2024,2657,394,0.0,0.0,1565662.86,0.0,0.0,0.0,True,False
098047,san fiorano,COMUNE DI SAN FIORANO,2024,1879,275,0.0,0.0,1245839.39,0.0,0.0,0.0,True,False
098048,san martino in strada,COMUNE DI SAN MARTINO IN STRADA,2024,3776,545,0.0,0.0,2546037.79,0.0,0.0,0.0,True,False
098049,san rocco al porto,COMUNE DI SAN ROCCO AL PORTO,2024,3381,499,43900.08,0.0,2647423.84,12.984347826086957,87.9761122244489,1.6582188064001118,False,False
098050,sant angelo lodigiano,COMUNE DI SANT'ANGELO LODIGIANO,2024,13408,2110,8000.0,0.0,8031506.58,0.5966587112171837,3.7914691943127963,0.09960771270388474,False,False
098051,santo stefano lodigiano,COMUNE DI SANTO STEFANO LODIGIANO,2024,1839,228,0.0,0.0,1198697.58,0.0,0.0,0.0,True,False
098052,secugnago,COMUNE DI SECUGNAGO,2024,1998,283,4540.0,0.0,1499354.51,2.2722722722722724,16.042402826855124,0.302796968276702,False,False
098053,senna lodigiana,COMUNE DI SENNA LODIGIANA,2024,1805,284,0.0,0.0,1484436.52,0.0,0.0,0.0,True,False
098054,somaglia,COMUNE DI SOMAGLIA,2024,3789,552,4673.48,0.0,3148051.88,1.2334336236474002,8.466449275362319,0.14845625733461545,False,False
098055,sordio,COMUNE DI SORDIO,2024,3440,555,0.0,0.0,2230752.63,0.0,0.0,0.0,True,False
098056,tavazzano con villavesco,COMUNE DI TAVAZZANO CON VILLAVESCO,2024,5969,988,0.0,0.0,3703900.74,0.0,0.0,0.0,True,False
098057,terranova dei passerini,COMUNE DI TERRANOVA DEI PASSERINI,2024,937,138,0.0,0.0,721501.52,0.0,0.0,0.0,True,False
098058,turano lodigiano,COMUNE DI TURANO LODIGIANO,2024,1518,226,0.0,0.0,1369827.38,0.0,0.0,0.0,True,False
098059,valera fratta,COMUNE DI VALERA FRATTA,2024,1750,278,0.0,0.0,1021127.86,0.0,0.0,0.0,True,False
098060,villanova del sillaro,COMUNE DI VILLANOVA DEL SILLARO,2024,1870,347,0.0,0.0,1325970.94,0.0,0.0,0.0,True,False
098061,zelo buon persico,COMUNE DI ZELO BUON PERSICO,2024,7422,1159,0.0,0.0,4388283.8,0.0,0.0,0.0,True,False
098062,castelgerundo,COMUNE DI CASTELGERUNDO,2024,1440,209,0.0,0.0,1211749.69,0.0,0.0,0.0,True,False
108001,agrate brianza,COMUNE DI AGRATE BRIANZA,2024,15663,2405,41433.37,0.0,14156702.26,2.6453023047947393,17.228012474012473,0.2926767070398216,False,False
108002,aicurzio,COMUNE DI AICURZIO,2024,2057,320,0.0,0.0,1560465.02,0.0,0.0,0.0,True,False
108003,albiate,COMUNE DI ALBIATE,2024,6712,1072,0.0,0.0,4687161.41,0.0,0.0,0.0,True,False
108004,arcore,COMUNE DI ARCORE,2024,17852,2637,0.0,0.0,14216203.99,0.0,0.0,0.0,True,False
108005,barlassina,COMUNE DI BARLASSINA,2024,6896,1025,0.0,0.0,5399397.78,0.0,0.0,0.0,True,False
108006,bellusco,COMUNE DI BELLUSCO,2024,7467,1101,0.0,0.0,6311315.69,0.0,0.0,0.0,True,False
108007,bernareggio,COMUNE DI BERNAREGGIO,2024,11559,1747,0.0,0.0,6824396.31,0.0,0.0,0.0,True,False
108008,besana in brianza,COMUNE DI BESANA IN BRIANZA,2024,15445,2377,0.0,0.0,10851096.68,0.0,0.0,0.0,True,False
108009,biassono,COMUNE DI BIASSONO,2024,12336,1793,7156.68,0.0,16820227.78,0.5801459143968872,3.991455660903514,0.0425480563854766,False,False
108010,bovisio masciago,COMUNE DI BOVISIO-MASCIAGO,2024,16844,2549,92591.66,0.0,11645708.49,5.497011398717644,36.32469988230679,0.7950710777236705,False,False
108011,briosco,COMUNE DI BRIOSCO,2024,6126,817,0.0,0.0,3845620.23,0.0,0.0,0.0,True,False
108012,brugherio,COMUNE DI BRUGHERIO,2024,35237,5461,99619.07,0.0,25435863.59,2.827115531969237,18.241909906610513,0.3916480745680867,False,False
108013,burago di molgora,COMUNE DI BURAGO DI MOLGORA,2024,4269,613,0.0,0.0,3863331.28,0.0,0.0,0.0,True,False
108014,camparada,COMUNE DI CAMPARADA,2024,2114,392,0.0,0.0,1811225.2,0.0,0.0,0.0,True,False
108015,carate brianza,COMUNE DI CARATE BRIANZA,2024,17922,2737,12000.0,0.0,15490011.47,0.6695681285570807,4.384362440628426,0.07746927769059941,False,False
108016,carnate,COMUNE DI CARNATE,2024,7820,1190,0.0,0.0,4526786.42,0.0,0.0,0.0,True,False
108017,cavenago di brianza,COMUNE DI CAVENAGO DI BRIANZA,2024,7494,1183,0.0,0.0,5555608.16,0.0,0.0,0.0,True,False
108018,ceriano laghetto,COMUNE DI CERIANO LAGHETTO,2024,6661,997,0.0,0.0,3993091.39,0.0,0.0,0.0,True,False
108019,cesano maderno,COMUNE DI CESANO MADERNO,2024,39541,5995,27444.0,0.0,25786413.15,0.6940643888621937,4.577814845704754,0.10642814043332739,False,False
108020,cogliate,COMUNE DI COGLIATE,2024,8492,1284,0.0,0.0,5260377.78,0.0,0.0,0.0,True,False
108021,concorezzo,COMUNE DI CONCOREZZO,2024,15978,2518,9660.0,0.0,10667948.18,0.6045812992865189,3.836378077839555,0.09055162095847377,False,False
108022,correzzana,COMUNE DI CORREZZANA,2024,3201,461,0.0,0.0,2296286.53,0.0,0.0,0.0,True,False
108023,desio,COMUNE DI DESIO,2024,41570,6221,55663.06,0.0,35191402.21,1.3390199663218667,8.947606494132776,0.15817232762661207,False,False
108024,giussano,COMUNE DI GIUSSANO,2024,26242,3864,1762.86,0.0,18412100.7,0.06717704443258897,0.45622670807453414,0.00957446425436941,False,False
108025,lazzate,COMUNE DI LAZZATE,2024,7680,1166,0.0,0.0,4231300.5,0.0,0.0,0.0,True,False
108026,lesmo,COMUNE DI LESMO,2024,8351,1215,54000.0,0.0,5809666.98,6.466291462100347,44.44444444444444,0.9294852903943902,False,False
108027,limbiate,COMUNE DI LIMBIATE,2024,34993,5467,24907.0,0.0,27424416.87,0.7117709256136941,4.55588073897933,0.09082052726249999,False,False
108028,lissone,COMUNE DI LISSONE,2024,46699,6802,114314.91,0.0,35517680.53,2.447909162937108,16.80607321376066,0.32185353405452233,False,False
108029,macherio,COMUNE DI MACHERIO,2024,7565,1126,0.0,0.0,5025284.2,0.0,0.0,0.0,True,False
108030,meda,COMUNE DI MEDA,2024,23534,3517,76640.0,0.0,18544663.05,3.256564969830883,21.7912994029002,0.41327253988580825,False,False
108031,mezzago,COMUNE DI MEZZAGO,2024,4476,714,0.0,0.0,3053921.44,0.0,0.0,0.0,True,False
108032,misinto,COMUNE DI MISINTO,2024,5708,814,0.0,0.0,3571415.72,0.0,0.0,0.0,True,False
108033,monza,COMUNE DI MONZA,2024,122883,18352,214255.85,0.0,138666757.35,1.7435760031900263,11.674795662598083,0.15451132924325212,False,False
108034,muggio,COMUNE DI MUGGIO',2024,23680,3615,9629.74,0.0,14770733.54,0.40666131756756757,2.6638284923928075,0.06519473101266168,False,False
108035,nova milanese,COMUNE DI NOVA MILANESE,2024,23160,3572,978.62,0.0,15729017.7,0.04225474956822107,0.273969764837626,0.006221748990720508,False,False
108036,ornago,COMUNE DI ORNAGO,2024,5388,793,0.0,0.0,3686650.4,0.0,0.0,0.0,True,False
108037,renate,COMUNE DI RENATE,2024,3981,636,0.0,0.0,2636011.79,0.0,0.0,0.0,True,False
108038,ronco briantino,COMUNE DI RONCO BRIANTINO,2024,3690,584,0.0,0.0,2536386.92,0.0,0.0,0.0,True,False
108039,seregno,COMUNE DI SEREGNO,2024,45010,6406,0.0,0.0,43664144.16,0.0,0.0,0.0,True,False
108040,seveso,COMUNE DI SEVESO,2024,24023,3599,0.0,0.0,16580947.47,0.0,0.0,0.0,True,False
108041,sovico,COMUNE DI SOVICO,2024,8323,1231,2549.8,0.0,6141294.87,0.3063558812928031,2.071324126726239,0.04151893133247322,False,False
108042,sulbiate,COMUNE DI SULBIATE,2024,4504,670,0.0,0.0,3134479.67,0.0,0.0,0.0,True,False
108043,triuggio,COMUNE DI TRIUGGIO,2024,8729,1256,31034.79,0.0,6244221.41,3.555366021308283,24.70922770700637,0.4970161684257125,False,False
108044,usmate velate,COMUNE DI USMATE VELATE,2024,10611,1646,1250.0,0.0,6920772.12,0.11780228065215342,0.7594167679222357,0.018061568540707854,False,False
108045,varedo,COMUNE DI VAREDO,2024,13876,1908,12000.0,0.0,11256217.98,0.8648025367541078,6.289308176100629,0.10660774357178893,False,False
108046,vedano al lambro,COMUNE DI VEDANO AL LAMBRO,2024,7436,1130,5666.2,0.0,5911505.53,0.7619956966110812,5.01433628318584,0.09585037130126815,False,False
108047,veduggio con colzano,COMUNE DI VEDUGGIO CON COLZANO,2024,4170,627,0.0,0.0,3109359.22,0.0,0.0,0.0,True,False
108048,verano brianza,COMUNE DI VERANO BRIANZA,2024,9154,1360,7155.7,0.0,7279557.12,0.781701988201879,5.261544117647059,0.0982985624268307,False,False
108049,villasanta,COMUNE DI VILLASANTA,2024,14243,2068,1790.0,0.0,10576833.86,0.12567577055395632,0.8655705996131529,0.01692377911663633,False,False
108050,vimercate,COMUNE DI VIMERCATE,2024,25925,3703,41260.0,0.0,22399197.33,1.5915139826422373,11.142317040237645,0.18420302920738635,False,False
108051,busnago,COMUNE DI BUSNAGO,2024,6872,1082,0.0,0.0,4894954.92,0.0,0.0,0.0,True,False
108052,caponago,COMUNE DI CAPONAGO,2024,5102,799,35000.0,0.0,4260732.13,6.860054880439043,43.804755944931166,0.8214550676294218,False,False
108053,cornate d adda,COMUNE DI CORNATE D'ADDA,2024,10904,1666,27579.14,0.0,8025730.7,2.5292681584739545,16.554105642256904,0.34363400705682784,False,False
108054,lentate sul seveso,COMUNE DI LENTATE SUL SEVESO,2024,15823,2162,16896.68,0.0,11483408.41,1.067855653163117,7.8153006475485665,0.1471399378714599,False,False
108055,roncello,COMUNE DI RONCELLO,2024,4801,659,22030.25,0.0,2895884.79,4.588679441782962,33.42981790591806,0.760743316725663,False,False
